#
# There is insufficient memory for the Java Runtime Environment to continue.
# Native memory allocation (mmap) failed to map 291504128 bytes. Error detail: G1 virtual space
# Possible reasons:
#   The system is out of physical RAM or swap space
#   This process is running with CompressedOops enabled, and the Java Heap may be blocking the growth of the native heap
# Possible solutions:
#   Reduce memory load on the system
#   Increase physical memory or swap space
#   Check if swap backing store is full
#   Decrease Java heap size (-Xmx/-Xms)
#   Decrease number of Java threads
#   Decrease Java thread stack sizes (-Xss)
#   Set larger code cache with -XX:ReservedCodeCacheSize=
#   JVM is running with Unscaled Compressed Oops mode in which the Java heap is
#     placed in the first 4GB address space. The Java Heap base address is the
#     maximum limit for the native heap growth. Please use -XX:HeapBaseMinAddress
#     to set the Java Heap base and to place the Java Heap above 4GB virtual address.
# This output file may be truncated or incomplete.
#
#  Out of Memory Error (os_windows.cpp:3690), pid=4568, tid=5632
#
# JRE version: OpenJDK Runtime Environment Microsoft-13106358 (17.0.18+8) (build 17.0.18+8-LTS)
# Java VM: OpenJDK 64-Bit Server VM Microsoft-13106358 (17.0.18+8-LTS, mixed mode, sharing, tiered, compressed oops, compressed class ptrs, g1 gc, windows-amd64)
# No core dump will be written. Minidumps are not enabled by default on client versions of Windows
#

---------------  S U M M A R Y ------------

Command Line: --add-opens=java.base/java.lang=ALL-UNNAMED --add-opens=java.base/java.lang.invoke=ALL-UNNAMED --add-opens=java.base/java.util=ALL-UNNAMED --add-opens=java.prefs/java.util.prefs=ALL-UNNAMED --add-exports=jdk.compiler/com.sun.tools.javac.api=ALL-UNNAMED --add-exports=jdk.compiler/com.sun.tools.javac.util=ALL-UNNAMED --add-opens=java.base/java.util=ALL-UNNAMED --add-opens=java.prefs/java.util.prefs=ALL-UNNAMED --add-opens=java.base/java.nio.charset=ALL-UNNAMED --add-opens=java.base/java.net=ALL-UNNAMED --add-opens=java.base/java.util.concurrent.atomic=ALL-UNNAMED --add-opens=java.xml/javax.xml.namespace=ALL-UNNAMED -XX:MaxMetaspaceSize=512m -Xmx2048m -Dfile.encoding=windows-1252 -Duser.country=US -Duser.language=en -Duser.variant -javaagent:C:\Users\Sudharani-ITS130\.gradle\wrapper\dists\gradle-8.13-bin\5xuhj0ry160q40clulazy9h7d\gradle-8.13\lib\agents\gradle-instrumentation-agent-8.13.jar org.gradle.launcher.daemon.bootstrap.GradleDaemon 8.13

Host: 11th Gen Intel(R) Core(TM) i5-1135G7 @ 2.40GHz, 8 cores, 15G,  Windows 11 , 64 bit Build 26100 (10.0.26100.9168)
Time: Wed Sep  9 11:53:24 2026 India Standard Time elapsed time: 127.725776 seconds (0d 0h 2m 7s)

---------------  T H R E A D  ---------------

Current thread (0x00000297a1a2de50):  VMThread "VM Thread" [stack: 0x000000bce9100000,0x000000bce9200000] [id=5632]

Stack: [0x000000bce9100000,0x000000bce9200000]
Native frames: (J=compiled Java code, j=interpreted, Vv=VM code, C=native code)
V  [jvm.dll+0x68c879]  (no source info available)
V  [jvm.dll+0x845979]  (no source info available)
V  [jvm.dll+0x8476e8]  (no source info available)
V  [jvm.dll+0x847d73]  (no source info available)
V  [jvm.dll+0x24cf6f]  (no source info available)
V  [jvm.dll+0x68bc79]  (no source info available)
V  [jvm.dll+0x68023a]  (no source info available)
V  [jvm.dll+0x3101a0]  (no source info available)
V  [jvm.dll+0x310042]  (no source info available)
V  [jvm.dll+0x317599]  (no source info available)
V  [jvm.dll+0x369999]  (no source info available)
V  [jvm.dll+0x369bcd]  (no source info available)
V  [jvm.dll+0x2e69aa]  (no source info available)
V  [jvm.dll+0x2e9a28]  (no source info available)
V  [jvm.dll+0x2f4154]  (no source info available)
V  [jvm.dll+0x32913d]  (no source info available)
V  [jvm.dll+0x84c5fd]  (no source info available)
V  [jvm.dll+0x84d313]  (no source info available)
V  [jvm.dll+0x84d844]  (no source info available)
V  [jvm.dll+0x84dc28]  (no source info available)
V  [jvm.dll+0x84dd1e]  (no source info available)
V  [jvm.dll+0x7f5ebc]  (no source info available)
V  [jvm.dll+0x68de17]  (no source info available)
C  [ucrtbase.dll+0x2cd30]  (no source info available)
C  [KERNEL32.DLL+0x2ccb7]  (no source info available)
C  [ntdll.dll+0xaad6c]  (no source info available)

VM_Operation (0x000000bce8dff600): G1PauseRemark, mode: safepoint, requested by thread 0x0000029783592140


---------------  P R O C E S S  ---------------

Threads class SMR info:
_java_thread_list=0x00000297d2b9a580, length=156, elements={
0x00000297835270d0, 0x00000297a1a365f0, 0x00000297a1a370c0, 0x00000297a1a51770,
0x00000297a1a52040, 0x00000297a1a52910, 0x00000297a1a53980, 0x00000297a1a54d20,
0x00000297a1a61710, 0x00000297a1a75790, 0x00000297a1b6df20, 0x00000297a1bfbd80,
0x00000297c2449de0, 0x00000297c2572910, 0x00000297c19f8e80, 0x00000297c19f98a0,
0x00000297c19fa7d0, 0x00000297c19f9390, 0x00000297c19f9db0, 0x00000297c19face0,
0x00000297c19f7530, 0x00000297c19f7a40, 0x00000297c19f7f50, 0x00000297c356ded0,
0x00000297c356c580, 0x00000297c356ca90, 0x00000297c356cfa0, 0x00000297c356b650,
0x00000297c356d9c0, 0x00000297c356fd30, 0x00000297c356f820, 0x00000297c3570750,
0x00000297c3571b90, 0x00000297c3572ac0, 0x00000297a1c05eb0, 0x00000297a1c04f80,
0x00000297a1c04a70, 0x00000297a1c072f0, 0x00000297a1c07800, 0x00000297a1c063c0,
0x00000297a1c07d10, 0x00000297a1c08220, 0x00000297a1c08c40, 0x00000297a1c09150,
0x00000297a1c059a0, 0x00000297a1c0afb0, 0x00000297a1c0b4c0, 0x00000297a1c09660,
0x00000297a1c0b9d0, 0x00000297a1c0bee0, 0x00000297a1c0a080, 0x00000297a1c09b70,
0x00000297a1c0a590, 0x00000297a1c0aaa0, 0x00000297c2e13900, 0x00000297c2e14d40,
0x00000297c2e133f0, 0x00000297c2e15c70, 0x00000297c2e13e10, 0x00000297c2e16180,
0x00000297c2e16ba0, 0x00000297c2e15760, 0x00000297c2e170b0, 0x00000297c2e175c0,
0x00000297c2e15250, 0x00000297c2e19930, 0x00000297c2e18f10, 0x00000297c2e19420,
0x00000297c2e1a350, 0x00000297c2e1a860, 0x00000297c19f8460, 0x00000297c19f8970,
0x00000297c19fa2c0, 0x00000297c356b140, 0x00000297c6053840, 0x00000297c6052400,
0x00000297c6052910, 0x00000297c6054770, 0x00000297c6052e20, 0x00000297c6054260,
0x00000297c6053330, 0x00000297c6053d50, 0x00000297c6054c80, 0x00000297c6055190,
0x00000297c60519e0, 0x00000297c60556a0, 0x00000297c6051ef0, 0x00000297c6058940,
0x00000297c6058e50, 0x00000297c6059360, 0x00000297c6055bb0, 0x00000297c60560c0,
0x00000297c60565d0, 0x00000297c6056ae0, 0x00000297c6056ff0, 0x00000297c6057500,
0x00000297c6057a10, 0x00000297c6057f20, 0x00000297c6058430, 0x00000297c6645300,
0x00000297c66434a0, 0x00000297c6644df0, 0x00000297c6643ec0, 0x00000297c66443d0,
0x00000297c6646740, 0x00000297c6645810, 0x00000297c6645d20, 0x00000297c6646230,
0x00000297c6646c50, 0x00000297c6647160, 0x00000297c66439b0, 0x00000297c66485a0,
0x00000297c6642570, 0x00000297c6647b80, 0x00000297c6648090, 0x00000297c6648ab0,
0x00000297c66499e0, 0x00000297c6648fc0, 0x00000297c66494d0, 0x00000297c356ee00,
0x00000297c356bb60, 0x00000297c45fdfc0, 0x00000297c4601260, 0x00000297c45ff910,
0x00000297c45fe9e0, 0x00000297c45feef0, 0x00000297c4600d50, 0x00000297c4601770,
0x00000297c45ff400, 0x00000297c45fe4d0, 0x00000297c45ffe20, 0x00000297c4600330,
0x00000297c4600840, 0x00000297c47704f0, 0x00000297c4770a00, 0x00000297c476f0b0,
0x00000297c4770f10, 0x00000297c476f5c0, 0x00000297c476fad0, 0x00000297c4771420,
0x00000297c476ffe0, 0x00000297c4771930, 0x00000297c476e180, 0x00000297c4774bd0,
0x00000297c47755f0, 0x00000297c4771e40, 0x00000297c4772d70, 0x00000297c6647670,
0x00000297cb502e40, 0x00000297c476eba0, 0x00000297c2e14830, 0x00000297c3571680,
0x00000297cb2a9e10, 0x00000297cb2ab250, 0x00000297cb503d70, 0x00000297cb504790
}

Java Threads: ( => current thread )
  0x00000297835270d0 JavaThread "main" [_thread_blocked, id=18664, stack(0x000000bce8b00000,0x000000bce8c00000)]
  0x00000297a1a365f0 JavaThread "Reference Handler" daemon [_thread_blocked, id=13996, stack(0x000000bce9200000,0x000000bce9300000)]
  0x00000297a1a370c0 JavaThread "Finalizer" daemon [_thread_blocked, id=20696, stack(0x000000bce9300000,0x000000bce9400000)]
  0x00000297a1a51770 JavaThread "Signal Dispatcher" daemon [_thread_blocked, id=20568, stack(0x000000bce9400000,0x000000bce9500000)]
  0x00000297a1a52040 JavaThread "Attach Listener" daemon [_thread_blocked, id=3916, stack(0x000000bce9500000,0x000000bce9600000)]
  0x00000297a1a52910 JavaThread "Service Thread" daemon [_thread_blocked, id=6256, stack(0x000000bce9600000,0x000000bce9700000)]
  0x00000297a1a53980 JavaThread "Monitor Deflation Thread" daemon [_thread_blocked, id=23548, stack(0x000000bce9700000,0x000000bce9800000)]
  0x00000297a1a54d20 JavaThread "C2 CompilerThread0" daemon [_thread_blocked, id=23352, stack(0x000000bce9800000,0x000000bce9900000)]
  0x00000297a1a61710 JavaThread "C1 CompilerThread0" daemon [_thread_blocked, id=14088, stack(0x000000bce9900000,0x000000bce9a00000)]
  0x00000297a1a75790 JavaThread "Sweeper thread" daemon [_thread_blocked, id=9828, stack(0x000000bce9a00000,0x000000bce9b00000)]
  0x00000297a1b6df20 JavaThread "Common-Cleaner" daemon [_thread_blocked, id=21400, stack(0x000000bce9b00000,0x000000bce9c00000)]
  0x00000297a1bfbd80 JavaThread "Notification Thread" daemon [_thread_blocked, id=18984, stack(0x000000bce9c00000,0x000000bce9d00000)]
  0x00000297c2449de0 JavaThread "Daemon health stats" [_thread_blocked, id=22012, stack(0x000000bcea200000,0x000000bcea300000)]
  0x00000297c2572910 JavaThread "Incoming local TCP Connector on port 49675" [_thread_in_native, id=17512, stack(0x000000bcea300000,0x000000bcea400000)]
  0x00000297c19f8e80 JavaThread "Daemon periodic checks" [_thread_blocked, id=14840, stack(0x000000bcea400000,0x000000bcea500000)]
  0x00000297c19f98a0 JavaThread "Daemon" [_thread_blocked, id=17900, stack(0x000000bcea500000,0x000000bcea600000)]
  0x00000297c19fa7d0 JavaThread "Handler for socket connection from /127.0.0.1:49675 to /127.0.0.1:49676" [_thread_in_native, id=18712, stack(0x000000bcea600000,0x000000bcea700000)]
  0x00000297c19f9390 JavaThread "Cancel handler" [_thread_blocked, id=4728, stack(0x000000bcea700000,0x000000bcea800000)]
  0x00000297c19f9db0 JavaThread "Daemon worker" [_thread_blocked, id=22628, stack(0x000000bcea800000,0x000000bcea900000)]
  0x00000297c19face0 JavaThread "Asynchronous log dispatcher for DefaultDaemonConnection: socket connection from /127.0.0.1:49675 to /127.0.0.1:49676" [_thread_blocked, id=8548, stack(0x000000bcea900000,0x000000bceaa00000)]
  0x00000297c19f7530 JavaThread "Stdin handler" [_thread_blocked, id=7280, stack(0x000000bceaa00000,0x000000bceab00000)]
  0x00000297c19f7a40 JavaThread "Daemon client event forwarder" [_thread_blocked, id=22964, stack(0x000000bceab00000,0x000000bceac00000)]
  0x00000297c19f7f50 JavaThread "Cache worker for journal cache (C:\Users\Sudharani-ITS130\.gradle\caches\journal-1)" [_thread_blocked, id=11212, stack(0x000000bceac00000,0x000000bcead00000)]
  0x00000297c356ded0 JavaThread "File lock request listener" [_thread_blocked, id=12620, stack(0x000000bcead00000,0x000000bceae00000)]
  0x00000297c356c580 JavaThread "Cache worker for file hash cache (C:\Users\Sudharani-ITS130\.gradle\caches\8.13\fileHashes)" [_thread_blocked, id=4032, stack(0x000000bceae00000,0x000000bceaf00000)]
  0x00000297c356ca90 JavaThread "Cache worker for file hash cache (D:\DelPart\delivery_partner_frontend\android\.gradle\8.13\fileHashes)" [_thread_blocked, id=15524, stack(0x000000bceaf00000,0x000000bceb000000)]
  0x00000297c356cfa0 JavaThread "Cache worker for Build Output Cleanup Cache (D:\DelPart\delivery_partner_frontend\android\.gradle\buildOutputCleanup)" [_thread_blocked, id=5524, stack(0x000000bceb000000,0x000000bceb100000)]
  0x00000297c356b650 JavaThread "File watcher server" daemon [_thread_blocked, id=18772, stack(0x000000bceb500000,0x000000bceb600000)]
  0x00000297c356d9c0 JavaThread "File watcher consumer" daemon [_thread_blocked, id=16500, stack(0x000000bceb600000,0x000000bceb700000)]
  0x00000297c356fd30 JavaThread "jar transforms" [_thread_blocked, id=10628, stack(0x000000bceb800000,0x000000bceb900000)]
  0x00000297c356f820 JavaThread "Cache worker for checksums cache (D:\DelPart\delivery_partner_frontend\android\.gradle\8.13\checksums)" [_thread_blocked, id=14688, stack(0x000000bceb900000,0x000000bceba00000)]
  0x00000297c3570750 JavaThread "Cache worker for file content cache (C:\Users\Sudharani-ITS130\.gradle\caches\8.13\fileContent)" [_thread_blocked, id=18328, stack(0x000000bceba00000,0x000000bcebb00000)]
  0x00000297c3571b90 JavaThread "Cache worker for cache directory md-supplier (C:\Users\Sudharani-ITS130\.gradle\caches\8.13\md-supplier)" [_thread_blocked, id=6156, stack(0x000000bcebb00000,0x000000bcebc00000)]
  0x00000297c3572ac0 JavaThread "Cache worker for cache directory md-rule (C:\Users\Sudharani-ITS130\.gradle\caches\8.13\md-rule)" [_thread_blocked, id=2356, stack(0x000000bcebc00000,0x000000bcebd00000)]
  0x00000297a1c05eb0 JavaThread "Cache worker for Build Output Cleanup Cache (D:\DelPart\delivery_partner_frontend\node_modules\@react-native\gradle-plugin\.gradle\buildOutputCleanup)" [_thread_blocked, id=15464, stack(0x000000bcebd00000,0x000000bcebe00000)]
  0x00000297a1c04f80 JavaThread "Unconstrained build operations" [_thread_blocked, id=12984, stack(0x000000bcebe00000,0x000000bcebf00000)]
  0x00000297a1c04a70 JavaThread "Unconstrained build operations Thread 2" [_thread_blocked, id=1768, stack(0x000000bcebf00000,0x000000bcec000000)]
  0x00000297a1c072f0 JavaThread "Unconstrained build operations Thread 3" [_thread_blocked, id=16300, stack(0x000000bcec000000,0x000000bcec100000)]
  0x00000297a1c07800 JavaThread "Unconstrained build operations Thread 4" [_thread_blocked, id=7316, stack(0x000000bcec100000,0x000000bcec200000)]
  0x00000297a1c063c0 JavaThread "Unconstrained build operations Thread 5" [_thread_blocked, id=1244, stack(0x000000bcec200000,0x000000bcec300000)]
  0x00000297a1c07d10 JavaThread "Unconstrained build operations Thread 6" [_thread_blocked, id=1792, stack(0x000000bcec300000,0x000000bcec400000)]
  0x00000297a1c08220 JavaThread "Unconstrained build operations Thread 7" [_thread_blocked, id=16788, stack(0x000000bcec400000,0x000000bcec500000)]
  0x00000297a1c08c40 JavaThread "Unconstrained build operations Thread 8" [_thread_blocked, id=15228, stack(0x000000bcec500000,0x000000bcec600000)]
  0x00000297a1c09150 JavaThread "Unconstrained build operations Thread 9" [_thread_blocked, id=17164, stack(0x000000bcec600000,0x000000bcec700000)]
  0x00000297a1c059a0 JavaThread "Unconstrained build operations Thread 10" [_thread_blocked, id=15516, stack(0x000000bcec700000,0x000000bcec800000)]
  0x00000297a1c0afb0 JavaThread "Unconstrained build operations Thread 11" [_thread_blocked, id=5176, stack(0x000000bcec800000,0x000000bcec900000)]
  0x00000297a1c0b4c0 JavaThread "Unconstrained build operations Thread 12" [_thread_blocked, id=6284, stack(0x000000bcec900000,0x000000bceca00000)]
  0x00000297a1c09660 JavaThread "Unconstrained build operations Thread 13" [_thread_blocked, id=2592, stack(0x000000bceca00000,0x000000bcecb00000)]
  0x00000297a1c0b9d0 JavaThread "Unconstrained build operations Thread 14" [_thread_blocked, id=8312, stack(0x000000bcecb00000,0x000000bcecc00000)]
  0x00000297a1c0bee0 JavaThread "Unconstrained build operations Thread 15" [_thread_blocked, id=23020, stack(0x000000bcecc00000,0x000000bcecd00000)]
  0x00000297a1c0a080 JavaThread "Unconstrained build operations Thread 16" [_thread_blocked, id=22836, stack(0x000000bcecd00000,0x000000bcece00000)]
  0x00000297a1c09b70 JavaThread "Unconstrained build operations Thread 17" [_thread_blocked, id=16740, stack(0x000000bcece00000,0x000000bcecf00000)]
  0x00000297a1c0a590 JavaThread "Unconstrained build operations Thread 18" [_thread_blocked, id=8420, stack(0x000000bcecf00000,0x000000bced000000)]
  0x00000297a1c0aaa0 JavaThread "Unconstrained build operations Thread 19" [_thread_blocked, id=6412, stack(0x000000bced000000,0x000000bced100000)]
  0x00000297c2e13900 JavaThread "Unconstrained build operations Thread 20" [_thread_blocked, id=16344, stack(0x000000bced100000,0x000000bced200000)]
  0x00000297c2e14d40 JavaThread "Unconstrained build operations Thread 21" [_thread_blocked, id=12952, stack(0x000000bced200000,0x000000bced300000)]
  0x00000297c2e133f0 JavaThread "Unconstrained build operations Thread 22" [_thread_blocked, id=17004, stack(0x000000bced300000,0x000000bced400000)]
  0x00000297c2e15c70 JavaThread "Unconstrained build operations Thread 23" [_thread_blocked, id=23400, stack(0x000000bced400000,0x000000bced500000)]
  0x00000297c2e13e10 JavaThread "Unconstrained build operations Thread 24" [_thread_blocked, id=14256, stack(0x000000bced500000,0x000000bced600000)]
  0x00000297c2e16180 JavaThread "Unconstrained build operations Thread 25" [_thread_blocked, id=11816, stack(0x000000bced600000,0x000000bced700000)]
  0x00000297c2e16ba0 JavaThread "Unconstrained build operations Thread 26" [_thread_blocked, id=20296, stack(0x000000bced700000,0x000000bced800000)]
  0x00000297c2e15760 JavaThread "Unconstrained build operations Thread 27" [_thread_blocked, id=16392, stack(0x000000bced800000,0x000000bced900000)]
  0x00000297c2e170b0 JavaThread "build event listener" [_thread_blocked, id=6416, stack(0x000000bced900000,0x000000bceda00000)]
  0x00000297c2e175c0 JavaThread "Memory manager" [_thread_blocked, id=12144, stack(0x000000bceda00000,0x000000bcedb00000)]
  0x00000297c2e15250 JavaThread "ForkJoinPool.commonPool-worker-1" daemon [_thread_blocked, id=9960, stack(0x000000bcedc00000,0x000000bcedd00000)]
  0x00000297c2e19930 JavaThread "ForkJoinPool.commonPool-worker-2" daemon [_thread_blocked, id=1468, stack(0x000000bcedd00000,0x000000bcede00000)]
  0x00000297c2e18f10 JavaThread "ForkJoinPool.commonPool-worker-4" daemon [_thread_blocked, id=22008, stack(0x000000bcedf00000,0x000000bcee000000)]
  0x00000297c2e19420 JavaThread "ForkJoinPool.commonPool-worker-5" daemon [_thread_blocked, id=5324, stack(0x000000bcee000000,0x000000bcee100000)]
  0x00000297c2e1a350 JavaThread "ForkJoinPool.commonPool-worker-6" daemon [_thread_blocked, id=22388, stack(0x000000bcee100000,0x000000bcee200000)]
  0x00000297c2e1a860 JavaThread "ForkJoinPool.commonPool-worker-7" daemon [_thread_blocked, id=22384, stack(0x000000bcee200000,0x000000bcee300000)]
  0x00000297c19f8460 JavaThread "Execution worker" [_thread_blocked, id=2336, stack(0x000000bcee400000,0x000000bcee500000)]
  0x00000297c19f8970 JavaThread "Execution worker Thread 2" [_thread_blocked, id=12452, stack(0x000000bcee500000,0x000000bcee600000)]
  0x00000297c19fa2c0 JavaThread "Execution worker Thread 3" [_thread_blocked, id=22684, stack(0x000000bcee600000,0x000000bcee700000)]
  0x00000297c356b140 JavaThread "Execution worker Thread 4" [_thread_blocked, id=16608, stack(0x000000bcee700000,0x000000bcee800000)]
  0x00000297c6053840 JavaThread "Execution worker Thread 5" [_thread_blocked, id=10252, stack(0x000000bcee800000,0x000000bcee900000)]
  0x00000297c6052400 JavaThread "Execution worker Thread 6" [_thread_blocked, id=3472, stack(0x000000bcee900000,0x000000bceea00000)]
  0x00000297c6052910 JavaThread "Execution worker Thread 7" [_thread_blocked, id=18824, stack(0x000000bceea00000,0x000000bceeb00000)]
  0x00000297c6054770 JavaThread "Cache worker for execution history cache (D:\DelPart\delivery_partner_frontend\node_modules\@react-native\gradle-plugin\.gradle\8.13\executionHistory)" [_thread_blocked, id=6004, stack(0x000000bceeb00000,0x000000bceec00000)]
  0x00000297c6052e20 JavaThread "Unconstrained build operations Thread 28" [_thread_blocked, id=17420, stack(0x000000bcedb00000,0x000000bcedc00000)]
  0x00000297c6054260 JavaThread "Unconstrained build operations Thread 29" [_thread_blocked, id=17712, stack(0x000000bceec00000,0x000000bceed00000)]
  0x00000297c6053330 JavaThread "Unconstrained build operations Thread 30" [_thread_blocked, id=18856, stack(0x000000bceed00000,0x000000bceee00000)]
  0x00000297c6053d50 JavaThread "Unconstrained build operations Thread 31" [_thread_blocked, id=17136, stack(0x000000bceee00000,0x000000bceef00000)]
  0x00000297c6054c80 JavaThread "Unconstrained build operations Thread 32" [_thread_blocked, id=18940, stack(0x000000bceef00000,0x000000bcef000000)]
  0x00000297c6055190 JavaThread "Unconstrained build operations Thread 33" [_thread_blocked, id=9104, stack(0x000000bcef000000,0x000000bcef100000)]
  0x00000297c60519e0 JavaThread "Unconstrained build operations Thread 34" [_thread_blocked, id=7708, stack(0x000000bcef100000,0x000000bcef200000)]
  0x00000297c60556a0 JavaThread "Unconstrained build operations Thread 35" [_thread_blocked, id=10176, stack(0x000000bcef200000,0x000000bcef300000)]
  0x00000297c6051ef0 JavaThread "Unconstrained build operations Thread 36" [_thread_blocked, id=16312, stack(0x000000bcef300000,0x000000bcef400000)]
  0x00000297c6058940 JavaThread "Unconstrained build operations Thread 37" [_thread_blocked, id=14296, stack(0x000000bcef400000,0x000000bcef500000)]
  0x00000297c6058e50 JavaThread "Unconstrained build operations Thread 38" [_thread_blocked, id=8252, stack(0x000000bcef500000,0x000000bcef600000)]
  0x00000297c6059360 JavaThread "Unconstrained build operations Thread 39" [_thread_blocked, id=15256, stack(0x000000bcef600000,0x000000bcef700000)]
  0x00000297c6055bb0 JavaThread "Unconstrained build operations Thread 40" [_thread_blocked, id=13904, stack(0x000000bcef700000,0x000000bcef800000)]
  0x00000297c60560c0 JavaThread "Unconstrained build operations Thread 41" [_thread_blocked, id=10056, stack(0x000000bcef800000,0x000000bcef900000)]
  0x00000297c60565d0 JavaThread "Unconstrained build operations Thread 42" [_thread_blocked, id=15724, stack(0x000000bcef900000,0x000000bcefa00000)]
  0x00000297c6056ae0 JavaThread "Unconstrained build operations Thread 43" [_thread_blocked, id=18608, stack(0x000000bcefa00000,0x000000bcefb00000)]
  0x00000297c6056ff0 JavaThread "Unconstrained build operations Thread 44" [_thread_blocked, id=11960, stack(0x000000bcefb00000,0x000000bcefc00000)]
  0x00000297c6057500 JavaThread "Unconstrained build operations Thread 45" [_thread_blocked, id=5932, stack(0x000000bcefc00000,0x000000bcefd00000)]
  0x00000297c6057a10 JavaThread "Unconstrained build operations Thread 46" [_thread_blocked, id=12152, stack(0x000000bcefd00000,0x000000bcefe00000)]
  0x00000297c6057f20 JavaThread "Unconstrained build operations Thread 47" [_thread_blocked, id=18416, stack(0x000000bcefe00000,0x000000bceff00000)]
  0x00000297c6058430 JavaThread "Unconstrained build operations Thread 48" [_thread_blocked, id=17908, stack(0x000000bceff00000,0x000000bcf0000000)]
  0x00000297c6645300 JavaThread "WorkerExecutor Queue" [_thread_blocked, id=4700, stack(0x000000bce8900000,0x000000bce8a00000)]
  0x00000297c66434a0 JavaThread "RMI Scheduler(0)" daemon [_thread_blocked, id=22276, stack(0x000000bcf0000000,0x000000bcf0100000)]
  0x00000297c6644df0 JavaThread "RMI GC Daemon" daemon [_thread_blocked, id=22664, stack(0x000000bcf0200000,0x000000bcf0300000)]
  0x00000297c6643ec0 JavaThread "RMI TCP Accept-0" daemon [_thread_in_native, id=18500, stack(0x000000bcf0300000,0x000000bcf0400000)]
  0x00000297c66443d0 JavaThread "RMI Reaper" [_thread_blocked, id=15816, stack(0x000000bcf0400000,0x000000bcf0500000)]
  0x00000297c6646740 JavaThread "Unconstrained build operations Thread 49" [_thread_blocked, id=5748, stack(0x000000bcf0800000,0x000000bcf0900000)]
  0x00000297c6645810 JavaThread "Unconstrained build operations Thread 50" [_thread_blocked, id=10088, stack(0x000000bcf0900000,0x000000bcf0a00000)]
  0x00000297c6645d20 JavaThread "Unconstrained build operations Thread 51" [_thread_blocked, id=14892, stack(0x000000bcf0a00000,0x000000bcf0b00000)]
  0x00000297c6646230 JavaThread "Unconstrained build operations Thread 52" [_thread_blocked, id=6308, stack(0x000000bcf0b00000,0x000000bcf0c00000)]
  0x00000297c6646c50 JavaThread "Unconstrained build operations Thread 53" [_thread_blocked, id=14020, stack(0x000000bcf0c00000,0x000000bcf0d00000)]
  0x00000297c6647160 JavaThread "Unconstrained build operations Thread 54" [_thread_blocked, id=20332, stack(0x000000bcf0d00000,0x000000bcf0e00000)]
  0x00000297c66439b0 JavaThread "Unconstrained build operations Thread 55" [_thread_blocked, id=17548, stack(0x000000bcf0e00000,0x000000bcf0f00000)]
  0x00000297c66485a0 JavaThread "Unconstrained build operations Thread 56" [_thread_blocked, id=7420, stack(0x000000bcf0f00000,0x000000bcf1000000)]
  0x00000297c6642570 JavaThread "WorkerExecutor Queue Thread 2" [_thread_blocked, id=15508, stack(0x000000bcf0100000,0x000000bcf0200000)]
  0x00000297c6647b80 JavaThread "RMI TCP Connection(idle)" daemon [_thread_blocked, id=5528, stack(0x000000bcf1100000,0x000000bcf1200000)]
  0x00000297c6648090 JavaThread "Unconstrained build operations Thread 57" [_thread_blocked, id=18836, stack(0x000000bcf1200000,0x000000bcf1300000)]
  0x00000297c6648ab0 JavaThread "Unconstrained build operations Thread 58" [_thread_blocked, id=4520, stack(0x000000bcf1300000,0x000000bcf1400000)]
  0x00000297c66499e0 JavaThread "Unconstrained build operations Thread 59" [_thread_blocked, id=6064, stack(0x000000bcf1400000,0x000000bcf1500000)]
  0x00000297c6648fc0 JavaThread "Unconstrained build operations Thread 60" [_thread_blocked, id=6868, stack(0x000000bcf1500000,0x000000bcf1600000)]
  0x00000297c66494d0 JavaThread "Unconstrained build operations Thread 61" [_thread_blocked, id=9968, stack(0x000000bcf1600000,0x000000bcf1700000)]
  0x00000297c356ee00 JavaThread "Unconstrained build operations Thread 62" [_thread_blocked, id=6092, stack(0x000000bcf1700000,0x000000bcf1800000)]
  0x00000297c356bb60 JavaThread "Unconstrained build operations Thread 63" [_thread_blocked, id=17932, stack(0x000000bcf1800000,0x000000bcf1900000)]
  0x00000297c45fdfc0 JavaThread "Unconstrained build operations Thread 64" [_thread_blocked, id=15472, stack(0x000000bcf1900000,0x000000bcf1a00000)]
  0x00000297c4601260 JavaThread "Unconstrained build operations Thread 65" [_thread_blocked, id=13736, stack(0x000000bcf1a00000,0x000000bcf1b00000)]
  0x00000297c45ff910 JavaThread "Unconstrained build operations Thread 66" [_thread_blocked, id=15084, stack(0x000000bcf1b00000,0x000000bcf1c00000)]
  0x00000297c45fe9e0 JavaThread "Unconstrained build operations Thread 67" [_thread_blocked, id=10836, stack(0x000000bcf1c00000,0x000000bcf1d00000)]
  0x00000297c45feef0 JavaThread "Unconstrained build operations Thread 68" [_thread_blocked, id=17080, stack(0x000000bcf1d00000,0x000000bcf1e00000)]
  0x00000297c4600d50 JavaThread "Unconstrained build operations Thread 69" [_thread_blocked, id=22952, stack(0x000000bcf1e00000,0x000000bcf1f00000)]
  0x00000297c4601770 JavaThread "Unconstrained build operations Thread 70" [_thread_blocked, id=15532, stack(0x000000bcf1f00000,0x000000bcf2000000)]
  0x00000297c45ff400 JavaThread "Unconstrained build operations Thread 71" [_thread_blocked, id=17316, stack(0x000000bcf2000000,0x000000bcf2100000)]
  0x00000297c45fe4d0 JavaThread "Unconstrained build operations Thread 72" [_thread_blocked, id=8092, stack(0x000000bcf2100000,0x000000bcf2200000)]
  0x00000297c45ffe20 JavaThread "Unconstrained build operations Thread 73" [_thread_blocked, id=6876, stack(0x000000bcf2200000,0x000000bcf2300000)]
  0x00000297c4600330 JavaThread "Unconstrained build operations Thread 74" [_thread_blocked, id=4704, stack(0x000000bcf2300000,0x000000bcf2400000)]
  0x00000297c4600840 JavaThread "Unconstrained build operations Thread 75" [_thread_blocked, id=9420, stack(0x000000bcf2400000,0x000000bcf2500000)]
  0x00000297c47704f0 JavaThread "Unconstrained build operations Thread 76" [_thread_blocked, id=9012, stack(0x000000bcf2500000,0x000000bcf2600000)]
  0x00000297c4770a00 JavaThread "Unconstrained build operations Thread 77" [_thread_blocked, id=2932, stack(0x000000bcf2600000,0x000000bcf2700000)]
  0x00000297c476f0b0 JavaThread "jar transforms Thread 2" [_thread_blocked, id=23540, stack(0x000000bcf2700000,0x000000bcf2800000)]
  0x00000297c4770f10 JavaThread "jar transforms Thread 3" [_thread_blocked, id=10860, stack(0x000000bcf2800000,0x000000bcf2900000)]
  0x00000297c476f5c0 JavaThread "Unconstrained build operations Thread 78" [_thread_blocked, id=6936, stack(0x000000bcf2900000,0x000000bcf2a00000)]
  0x00000297c476fad0 JavaThread "Unconstrained build operations Thread 79" [_thread_blocked, id=5412, stack(0x000000bcf2a00000,0x000000bcf2b00000)]
  0x00000297c4771420 JavaThread "Unconstrained build operations Thread 80" [_thread_blocked, id=21896, stack(0x000000bcf2b00000,0x000000bcf2c00000)]
  0x00000297c476ffe0 JavaThread "WorkerExecutor Queue Thread 3" [_thread_blocked, id=14196, stack(0x000000bcf2c00000,0x000000bcf2d00000)]
  0x00000297c4771930 JavaThread "RMI TCP Connection(idle)" daemon [_thread_blocked, id=6088, stack(0x000000bcf2e00000,0x000000bcf2f00000)]
  0x00000297c476e180 JavaThread "jar transforms Thread 4" [_thread_blocked, id=15452, stack(0x000000bce8800000,0x000000bce8900000)]
  0x00000297c4774bd0 JavaThread "jar transforms Thread 5" [_thread_blocked, id=12696, stack(0x000000bce8a00000,0x000000bce8b00000)]
  0x00000297c47755f0 JavaThread "jar transforms Thread 6" [_thread_blocked, id=16828, stack(0x000000bcf1000000,0x000000bcf1100000)]
  0x00000297c4771e40 JavaThread "build event listener" [_thread_blocked, id=18400, stack(0x000000bcf2d00000,0x000000bcf2e00000)]
  0x00000297c4772d70 JavaThread "jar transforms Thread 7" [_thread_blocked, id=19084, stack(0x000000bcf2f00000,0x000000bcf3000000)]
  0x00000297c6647670 JavaThread "jar transforms Thread 8" [_thread_blocked, id=22924, stack(0x000000bcf3000000,0x000000bcf3100000)]
  0x00000297cb502e40 JavaThread "Problems report writer" [_thread_blocked, id=13600, stack(0x000000bcf3100000,0x000000bcf3200000)]
  0x00000297c476eba0 JavaThread "Exec process" [_thread_blocked, id=19492, stack(0x000000bcede00000,0x000000bcedf00000)]
  0x00000297c2e14830 JavaThread "Exec process Thread 2" [_thread_blocked, id=5132, stack(0x000000bcf3200000,0x000000bcf3300000)]
  0x00000297c3571680 JavaThread "Exec process Thread 3" [_thread_blocked, id=16564, stack(0x000000bcf3300000,0x000000bcf3400000)]
  0x00000297cb2a9e10 JavaThread "ForkJoinPool.commonPool-worker-8" daemon [_thread_blocked, id=17380, stack(0x000000bcf3400000,0x000000bcf3500000)]
  0x00000297cb2ab250 JavaThread "File lock release action executor" [_thread_blocked, id=21024, stack(0x000000bcf3500000,0x000000bcf3600000)]
  0x00000297cb503d70 JavaThread "included builds Thread 2" [_thread_blocked, id=10752, stack(0x000000bcee300000,0x000000bcee400000)]
  0x00000297cb504790 JavaThread "Cache worker for execution history cache (D:\DelPart\delivery_partner_frontend\android\.gradle\8.13\executionHistory)" [_thread_blocked, id=16824, stack(0x000000bcf0500000,0x000000bcf0600000)]

Other Threads:
=>0x00000297a1a2de50 VMThread "VM Thread" [stack: 0x000000bce9100000,0x000000bce9200000] [id=5632]
  0x00000297a1c6ffe0 WatcherThread [stack: 0x000000bce9d00000,0x000000bce9e00000] [id=6288]
  0x0000029783581b00 GCTaskThread "GC Thread#0" [stack: 0x000000bce8c00000,0x000000bce8d00000] [id=17040]
  0x00000297a1d35b20 GCTaskThread "GC Thread#1" [stack: 0x000000bce9e00000,0x000000bce9f00000] [id=2632]
  0x00000297c108cdf0 GCTaskThread "GC Thread#2" [stack: 0x000000bce9f00000,0x000000bcea000000] [id=6372]
  0x00000297a1db49b0 GCTaskThread "GC Thread#3" [stack: 0x000000bcea000000,0x000000bcea100000] [id=1620]
  0x00000297a1db4c80 GCTaskThread "GC Thread#4" [stack: 0x000000bcea100000,0x000000bcea200000] [id=16056]
  0x00000297c131b540 GCTaskThread "GC Thread#5" [stack: 0x000000bceb100000,0x000000bceb200000] [id=14488]
  0x00000297c131b810 GCTaskThread "GC Thread#6" [stack: 0x000000bceb200000,0x000000bceb300000] [id=8300]
  0x00000297c2d2bed0 GCTaskThread "GC Thread#7" [stack: 0x000000bceb300000,0x000000bceb400000] [id=15068]
  0x0000029783592140 ConcurrentGCThread "G1 Main Marker" [stack: 0x000000bce8d00000,0x000000bce8e00000] [id=852]
  0x0000029783593a80 ConcurrentGCThread "G1 Conc#0" [stack: 0x000000bce8e00000,0x000000bce8f00000] [id=18524]
  0x00000297c2d2d280 ConcurrentGCThread "G1 Conc#1" [stack: 0x000000bceb400000,0x000000bceb500000] [id=14652]
  0x00000297a18e8200 ConcurrentGCThread "G1 Refine#0" [stack: 0x000000bce8f00000,0x000000bce9000000] [id=21036]
  0x00000297c3662640 ConcurrentGCThread "G1 Refine#1" [stack: 0x000000bceb700000,0x000000bceb800000] [id=19260]
  0x00000297a18e88f0 ConcurrentGCThread "G1 Service" [stack: 0x000000bce9000000,0x000000bce9100000] [id=7880]

Threads with active compile tasks:
C2 CompilerThread0  127759 22941   !   4       org.gradle.api.internal.artifacts.ivyservice.resolveengine.graph.builder.DependencyGraphBuilder::performSelection (24 bytes)

VM state: at safepoint (normal execution)

VM Mutex/Monitor currently owned by a thread:  ([mutex/lock_event])
[0x0000029783521cd0] Threads_lock - owner thread: 0x00000297a1a2de50
[0x0000029783522ae0] Heap_lock - owner thread: 0x0000029783592140

Heap address: 0x0000000080000000, size: 2048 MB, Compressed Oops mode: 32-bit

CDS archive(s) mapped at: [0x00000297a2000000-0x00000297a2bb0000-0x00000297a2bb0000), size 12255232, SharedBaseAddress: 0x00000297a2000000, ArchiveRelocationMode: 1.
Compressed class space mapped at: 0x00000297a3000000-0x00000297bd000000, reserved size: 436207616
Narrow klass base: 0x00000297a2000000, Narrow klass shift: 0, Narrow klass range: 0x100000000

GC Precious Log:
 CPUs: 8 total, 8 available
 Memory: 15781M
 Large Page Support: Disabled
 NUMA Support: Disabled
 Compressed Oops: Enabled (32-bit)
 Heap Region Size: 1M
 Heap Min Capacity: 8M
 Heap Initial Capacity: 248M
 Heap Max Capacity: 2G
 Pre-touch: Disabled
 Parallel Workers: 8
 Concurrent Workers: 2
 Concurrent Refinement Workers: 8
 Periodic GC: Disabled

Heap:
 garbage-first heap   total 536576K, used 490782K [0x0000000080000000, 0x0000000100000000)
  region size 1024K, 24 young (24576K), 4 survivors (4096K)
 Metaspace       used 133654K, committed 136320K, reserved 557056K
  class space    used 18397K, committed 19584K, reserved 425984K

Heap Regions: E=young(eden), S=young(survivor), O=old, HS=humongous(starts), HC=humongous(continues), CS=collection set, F=free, OA=open archive, CA=closed archive, TAMS=top-at-mark-start (previous, next)
|   0|0x0000000080000000, 0x0000000080100000, 0x0000000080100000|100%|HS|  |TAMS 0x0000000080100000, 0x0000000080000000| Complete 
|   1|0x0000000080100000, 0x0000000080200000, 0x0000000080200000|100%|HC|  |TAMS 0x0000000080200000, 0x0000000080100000| Complete 
|   2|0x0000000080200000, 0x0000000080300000, 0x0000000080300000|100%|HC|  |TAMS 0x0000000080300000, 0x0000000080200000| Complete 
|   3|0x0000000080300000, 0x0000000080400000, 0x0000000080400000|100%| O|  |TAMS 0x0000000080400000, 0x0000000080300000| Untracked 
|   4|0x0000000080400000, 0x0000000080500000, 0x0000000080500000|100%| O|  |TAMS 0x0000000080500000, 0x0000000080400000| Untracked 
|   5|0x0000000080500000, 0x0000000080600000, 0x0000000080600000|100%| O|  |TAMS 0x0000000080600000, 0x0000000080500000| Untracked 
|   6|0x0000000080600000, 0x0000000080700000, 0x0000000080700000|100%|HS|  |TAMS 0x0000000080700000, 0x0000000080600000| Complete 
|   7|0x0000000080700000, 0x0000000080800000, 0x0000000080800000|100%| O|  |TAMS 0x0000000080800000, 0x0000000080700000| Untracked 
|   8|0x0000000080800000, 0x0000000080900000, 0x0000000080900000|100%| O|  |TAMS 0x0000000080900000, 0x0000000080800000| Untracked 
|   9|0x0000000080900000, 0x0000000080a00000, 0x0000000080a00000|100%| O|  |TAMS 0x0000000080a00000, 0x0000000080900000| Untracked 
|  10|0x0000000080a00000, 0x0000000080b00000, 0x0000000080b00000|100%| O|  |TAMS 0x0000000080b00000, 0x0000000080a00000| Untracked 
|  11|0x0000000080b00000, 0x0000000080c00000, 0x0000000080c00000|100%| O|  |TAMS 0x0000000080c00000, 0x0000000080b00000| Untracked 
|  12|0x0000000080c00000, 0x0000000080d00000, 0x0000000080d00000|100%| O|  |TAMS 0x0000000080d00000, 0x0000000080c00000| Untracked 
|  13|0x0000000080d00000, 0x0000000080e00000, 0x0000000080e00000|100%| O|  |TAMS 0x0000000080e00000, 0x0000000080d00000| Untracked 
|  14|0x0000000080e00000, 0x0000000080f00000, 0x0000000080f00000|100%| O|  |TAMS 0x0000000080f00000, 0x0000000080e00000| Untracked 
|  15|0x0000000080f00000, 0x0000000081000000, 0x0000000081000000|100%| O|  |TAMS 0x0000000081000000, 0x0000000080f00000| Untracked 
|  16|0x0000000081000000, 0x0000000081100000, 0x0000000081100000|100%| O|  |TAMS 0x0000000081100000, 0x0000000081000000| Untracked 
|  17|0x0000000081100000, 0x0000000081200000, 0x0000000081200000|100%| O|  |TAMS 0x0000000081200000, 0x0000000081100000| Untracked 
|  18|0x0000000081200000, 0x0000000081300000, 0x0000000081300000|100%| O|  |TAMS 0x0000000081300000, 0x0000000081200000| Untracked 
|  19|0x0000000081300000, 0x0000000081400000, 0x0000000081400000|100%| O|  |TAMS 0x0000000081400000, 0x0000000081300000| Untracked 
|  20|0x0000000081400000, 0x0000000081500000, 0x0000000081500000|100%| O|  |TAMS 0x0000000081500000, 0x0000000081400000| Untracked 
|  21|0x0000000081500000, 0x0000000081600000, 0x0000000081600000|100%| O|  |TAMS 0x0000000081600000, 0x0000000081500000| Untracked 
|  22|0x0000000081600000, 0x0000000081700000, 0x0000000081700000|100%| O|  |TAMS 0x0000000081700000, 0x0000000081600000| Untracked 
|  23|0x0000000081700000, 0x0000000081800000, 0x0000000081800000|100%| O|  |TAMS 0x0000000081800000, 0x0000000081700000| Untracked 
|  24|0x0000000081800000, 0x0000000081900000, 0x0000000081900000|100%| O|  |TAMS 0x0000000081900000, 0x0000000081800000| Untracked 
|  25|0x0000000081900000, 0x0000000081a00000, 0x0000000081a00000|100%| O|  |TAMS 0x0000000081a00000, 0x0000000081900000| Untracked 
|  26|0x0000000081a00000, 0x0000000081b00000, 0x0000000081b00000|100%| O|  |TAMS 0x0000000081b00000, 0x0000000081a00000| Updating 
|  27|0x0000000081b00000, 0x0000000081c00000, 0x0000000081c00000|100%| O|  |TAMS 0x0000000081c00000, 0x0000000081b00000| Untracked 
|  28|0x0000000081c00000, 0x0000000081d00000, 0x0000000081d00000|100%| O|  |TAMS 0x0000000081d00000, 0x0000000081c00000| Untracked 
|  29|0x0000000081d00000, 0x0000000081e00000, 0x0000000081e00000|100%| O|  |TAMS 0x0000000081e00000, 0x0000000081d00000| Updating 
|  30|0x0000000081e00000, 0x0000000081f00000, 0x0000000081f00000|100%| O|  |TAMS 0x0000000081f00000, 0x0000000081e00000| Updating 
|  31|0x0000000081f00000, 0x0000000082000000, 0x0000000082000000|100%| O|  |TAMS 0x0000000082000000, 0x0000000081f00000| Updating 
|  32|0x0000000082000000, 0x0000000082100000, 0x0000000082100000|100%| O|  |TAMS 0x0000000082100000, 0x0000000082000000| Untracked 
|  33|0x0000000082100000, 0x0000000082200000, 0x0000000082200000|100%| O|  |TAMS 0x0000000082200000, 0x0000000082100000| Untracked 
|  34|0x0000000082200000, 0x0000000082300000, 0x0000000082300000|100%| O|  |TAMS 0x0000000082300000, 0x0000000082200000| Updating 
|  35|0x0000000082300000, 0x0000000082400000, 0x0000000082400000|100%| O|  |TAMS 0x0000000082400000, 0x0000000082300000| Updating 
|  36|0x0000000082400000, 0x0000000082500000, 0x0000000082500000|100%|HS|  |TAMS 0x0000000082500000, 0x0000000082400000| Complete 
|  37|0x0000000082500000, 0x0000000082600000, 0x0000000082600000|100%| O|  |TAMS 0x0000000082600000, 0x0000000082500000| Updating 
|  38|0x0000000082600000, 0x0000000082700000, 0x0000000082700000|100%| O|  |TAMS 0x0000000082700000, 0x0000000082600000| Untracked 
|  39|0x0000000082700000, 0x0000000082800000, 0x0000000082800000|100%| O|  |TAMS 0x0000000082800000, 0x0000000082700000| Untracked 
|  40|0x0000000082800000, 0x0000000082900000, 0x0000000082900000|100%| O|  |TAMS 0x0000000082900000, 0x0000000082800000| Updating 
|  41|0x0000000082900000, 0x0000000082a00000, 0x0000000082a00000|100%| O|  |TAMS 0x0000000082a00000, 0x0000000082900000| Updating 
|  42|0x0000000082a00000, 0x0000000082b00000, 0x0000000082b00000|100%|HS|  |TAMS 0x0000000082b00000, 0x0000000082a00000| Complete 
|  43|0x0000000082b00000, 0x0000000082c00000, 0x0000000082c00000|100%|HC|  |TAMS 0x0000000082c00000, 0x0000000082b00000| Complete 
|  44|0x0000000082c00000, 0x0000000082d00000, 0x0000000082d00000|100%|HC|  |TAMS 0x0000000082d00000, 0x0000000082c00000| Complete 
|  45|0x0000000082d00000, 0x0000000082e00000, 0x0000000082e00000|100%|HS|  |TAMS 0x0000000082e00000, 0x0000000082d00000| Complete 
|  46|0x0000000082e00000, 0x0000000082f00000, 0x0000000082f00000|100%|HC|  |TAMS 0x0000000082f00000, 0x0000000082e00000| Complete 
|  47|0x0000000082f00000, 0x0000000083000000, 0x0000000083000000|100%|HC|  |TAMS 0x0000000083000000, 0x0000000082f00000| Complete 
|  48|0x0000000083000000, 0x0000000083100000, 0x0000000083100000|100%| O|  |TAMS 0x0000000083100000, 0x0000000083000000| Updating 
|  49|0x0000000083100000, 0x0000000083200000, 0x0000000083200000|100%| O|  |TAMS 0x0000000083200000, 0x0000000083100000| Updating 
|  50|0x0000000083200000, 0x0000000083300000, 0x0000000083300000|100%| O|  |TAMS 0x0000000083300000, 0x0000000083200000| Untracked 
|  51|0x0000000083300000, 0x0000000083400000, 0x0000000083400000|100%| O|  |TAMS 0x0000000083400000, 0x0000000083300000| Updating 
|  52|0x0000000083400000, 0x0000000083500000, 0x0000000083500000|100%| O|  |TAMS 0x0000000083500000, 0x0000000083400000| Untracked 
|  53|0x0000000083500000, 0x0000000083600000, 0x0000000083600000|100%| O|  |TAMS 0x0000000083600000, 0x0000000083500000| Untracked 
|  54|0x0000000083600000, 0x0000000083700000, 0x0000000083700000|100%| O|  |TAMS 0x0000000083700000, 0x0000000083600000| Untracked 
|  55|0x0000000083700000, 0x0000000083800000, 0x0000000083800000|100%| O|  |TAMS 0x0000000083800000, 0x0000000083700000| Untracked 
|  56|0x0000000083800000, 0x0000000083900000, 0x0000000083900000|100%| O|  |TAMS 0x0000000083900000, 0x0000000083800000| Updating 
|  57|0x0000000083900000, 0x0000000083a00000, 0x0000000083a00000|100%| O|  |TAMS 0x0000000083a00000, 0x0000000083900000| Updating 
|  58|0x0000000083a00000, 0x0000000083b00000, 0x0000000083b00000|100%| O|  |TAMS 0x0000000083b00000, 0x0000000083a00000| Untracked 
|  59|0x0000000083b00000, 0x0000000083c00000, 0x0000000083c00000|100%| O|  |TAMS 0x0000000083c00000, 0x0000000083b00000| Updating 
|  60|0x0000000083c00000, 0x0000000083d00000, 0x0000000083d00000|100%| O|  |TAMS 0x0000000083d00000, 0x0000000083c00000| Updating 
|  61|0x0000000083d00000, 0x0000000083e00000, 0x0000000083e00000|100%| O|  |TAMS 0x0000000083e00000, 0x0000000083d00000| Untracked 
|  62|0x0000000083e00000, 0x0000000083f00000, 0x0000000083f00000|100%| O|  |TAMS 0x0000000083f00000, 0x0000000083e00000| Untracked 
|  63|0x0000000083f00000, 0x0000000084000000, 0x0000000084000000|100%| O|  |TAMS 0x0000000084000000, 0x0000000083f00000| Updating 
|  64|0x0000000084000000, 0x0000000084100000, 0x0000000084100000|100%| O|  |TAMS 0x0000000084100000, 0x0000000084000000| Updating 
|  65|0x0000000084100000, 0x0000000084200000, 0x0000000084200000|100%| O|  |TAMS 0x0000000084200000, 0x0000000084100000| Updating 
|  66|0x0000000084200000, 0x0000000084300000, 0x0000000084300000|100%| O|  |TAMS 0x0000000084300000, 0x0000000084200000| Updating 
|  67|0x0000000084300000, 0x0000000084400000, 0x0000000084400000|100%| O|  |TAMS 0x0000000084400000, 0x0000000084300000| Untracked 
|  68|0x0000000084400000, 0x0000000084500000, 0x0000000084500000|100%| O|  |TAMS 0x0000000084500000, 0x0000000084400000| Updating 
|  69|0x0000000084500000, 0x0000000084600000, 0x0000000084600000|100%|HS|  |TAMS 0x0000000084600000, 0x0000000084500000| Complete 
|  70|0x0000000084600000, 0x0000000084700000, 0x0000000084700000|100%|HC|  |TAMS 0x0000000084700000, 0x0000000084600000| Complete 
|  71|0x0000000084700000, 0x0000000084800000, 0x0000000084800000|100%|HC|  |TAMS 0x0000000084800000, 0x0000000084700000| Complete 
|  72|0x0000000084800000, 0x0000000084900000, 0x0000000084900000|100%| O|  |TAMS 0x0000000084900000, 0x0000000084800000| Untracked 
|  73|0x0000000084900000, 0x0000000084a00000, 0x0000000084a00000|100%| O|  |TAMS 0x0000000084a00000, 0x0000000084900000| Untracked 
|  74|0x0000000084a00000, 0x0000000084b00000, 0x0000000084b00000|100%| O|  |TAMS 0x0000000084b00000, 0x0000000084a00000| Untracked 
|  75|0x0000000084b00000, 0x0000000084c00000, 0x0000000084c00000|100%| O|  |TAMS 0x0000000084c00000, 0x0000000084b00000| Untracked 
|  76|0x0000000084c00000, 0x0000000084d00000, 0x0000000084d00000|100%| O|  |TAMS 0x0000000084d00000, 0x0000000084c00000| Untracked 
|  77|0x0000000084d00000, 0x0000000084e00000, 0x0000000084e00000|100%| O|  |TAMS 0x0000000084e00000, 0x0000000084d00000| Untracked 
|  78|0x0000000084e00000, 0x0000000084f00000, 0x0000000084f00000|100%| O|  |TAMS 0x0000000084f00000, 0x0000000084e00000| Updating 
|  79|0x0000000084f00000, 0x0000000085000000, 0x0000000085000000|100%| O|  |TAMS 0x0000000085000000, 0x0000000084f00000| Untracked 
|  80|0x0000000085000000, 0x0000000085100000, 0x0000000085100000|100%| O|  |TAMS 0x0000000085100000, 0x0000000085000000| Untracked 
|  81|0x0000000085100000, 0x0000000085200000, 0x0000000085200000|100%| O|  |TAMS 0x0000000085200000, 0x0000000085100000| Untracked 
|  82|0x0000000085200000, 0x0000000085300000, 0x0000000085300000|100%| O|  |TAMS 0x0000000085300000, 0x0000000085200000| Untracked 
|  83|0x0000000085300000, 0x0000000085400000, 0x0000000085400000|100%| O|  |TAMS 0x0000000085400000, 0x0000000085300000| Untracked 
|  84|0x0000000085400000, 0x0000000085500000, 0x0000000085500000|100%| O|  |TAMS 0x0000000085500000, 0x0000000085400000| Updating 
|  85|0x0000000085500000, 0x0000000085600000, 0x0000000085600000|100%| O|  |TAMS 0x0000000085600000, 0x0000000085500000| Updating 
|  86|0x0000000085600000, 0x0000000085700000, 0x0000000085700000|100%| O|  |TAMS 0x0000000085700000, 0x0000000085600000| Updating 
|  87|0x0000000085700000, 0x0000000085800000, 0x0000000085800000|100%|HS|  |TAMS 0x0000000085800000, 0x0000000085700000| Complete 
|  88|0x0000000085800000, 0x0000000085900000, 0x0000000085900000|100%|HS|  |TAMS 0x0000000085900000, 0x0000000085800000| Complete 
|  89|0x0000000085900000, 0x0000000085a00000, 0x0000000085a00000|100%|HS|  |TAMS 0x0000000085a00000, 0x0000000085900000| Complete 
|  90|0x0000000085a00000, 0x0000000085b00000, 0x0000000085b00000|100%|HS|  |TAMS 0x0000000085b00000, 0x0000000085a00000| Complete 
|  91|0x0000000085b00000, 0x0000000085c00000, 0x0000000085c00000|100%|HS|  |TAMS 0x0000000085c00000, 0x0000000085b00000| Complete 
|  92|0x0000000085c00000, 0x0000000085d00000, 0x0000000085d00000|100%|HS|  |TAMS 0x0000000085d00000, 0x0000000085c00000| Complete 
|  93|0x0000000085d00000, 0x0000000085e00000, 0x0000000085e00000|100%| O|  |TAMS 0x0000000085e00000, 0x0000000085d00000| Untracked 
|  94|0x0000000085e00000, 0x0000000085f00000, 0x0000000085f00000|100%| O|  |TAMS 0x0000000085f00000, 0x0000000085e00000| Updating 
|  95|0x0000000085f00000, 0x0000000086000000, 0x0000000086000000|100%| O|  |TAMS 0x0000000086000000, 0x0000000085f00000| Untracked 
|  96|0x0000000086000000, 0x0000000086100000, 0x0000000086100000|100%| O|  |TAMS 0x0000000086100000, 0x0000000086000000| Untracked 
|  97|0x0000000086100000, 0x0000000086200000, 0x0000000086200000|100%| O|  |TAMS 0x0000000086200000, 0x0000000086100000| Updating 
|  98|0x0000000086200000, 0x0000000086300000, 0x0000000086300000|100%| O|  |TAMS 0x0000000086300000, 0x0000000086200000| Updating 
|  99|0x0000000086300000, 0x0000000086400000, 0x0000000086400000|100%| O|  |TAMS 0x0000000086400000, 0x0000000086300000| Updating 
| 100|0x0000000086400000, 0x0000000086500000, 0x0000000086500000|100%| O|  |TAMS 0x0000000086500000, 0x0000000086400000| Updating 
| 101|0x0000000086500000, 0x0000000086600000, 0x0000000086600000|100%| O|  |TAMS 0x0000000086600000, 0x0000000086500000| Untracked 
| 102|0x0000000086600000, 0x0000000086700000, 0x0000000086700000|100%| O|  |TAMS 0x0000000086700000, 0x0000000086600000| Updating 
| 103|0x0000000086700000, 0x0000000086800000, 0x0000000086800000|100%|HS|  |TAMS 0x0000000086800000, 0x0000000086700000| Complete 
| 104|0x0000000086800000, 0x0000000086900000, 0x0000000086900000|100%|HC|  |TAMS 0x0000000086900000, 0x0000000086800000| Complete 
| 105|0x0000000086900000, 0x0000000086a00000, 0x0000000086a00000|100%|HC|  |TAMS 0x0000000086a00000, 0x0000000086900000| Complete 
| 106|0x0000000086a00000, 0x0000000086b00000, 0x0000000086b00000|100%| O|  |TAMS 0x0000000086b00000, 0x0000000086a00000| Updating 
| 107|0x0000000086b00000, 0x0000000086c00000, 0x0000000086c00000|100%|HS|  |TAMS 0x0000000086c00000, 0x0000000086b00000| Complete 
| 108|0x0000000086c00000, 0x0000000086d00000, 0x0000000086d00000|100%| O|  |TAMS 0x0000000086d00000, 0x0000000086c00000| Updating 
| 109|0x0000000086d00000, 0x0000000086e00000, 0x0000000086e00000|100%| O|  |TAMS 0x0000000086e00000, 0x0000000086d00000| Untracked 
| 110|0x0000000086e00000, 0x0000000086f00000, 0x0000000086f00000|100%| O|  |TAMS 0x0000000086f00000, 0x0000000086e00000| Untracked 
| 111|0x0000000086f00000, 0x0000000087000000, 0x0000000087000000|100%| O|  |TAMS 0x0000000087000000, 0x0000000086f00000| Updating 
| 112|0x0000000087000000, 0x0000000087100000, 0x0000000087100000|100%| O|  |TAMS 0x0000000087100000, 0x0000000087000000| Untracked 
| 113|0x0000000087100000, 0x0000000087200000, 0x0000000087200000|100%| O|  |TAMS 0x0000000087200000, 0x0000000087100000| Untracked 
| 114|0x0000000087200000, 0x0000000087300000, 0x0000000087300000|100%| O|  |TAMS 0x0000000087300000, 0x0000000087200000| Untracked 
| 115|0x0000000087300000, 0x0000000087400000, 0x0000000087400000|100%| O|  |TAMS 0x0000000087400000, 0x0000000087300000| Untracked 
| 116|0x0000000087400000, 0x0000000087500000, 0x0000000087500000|100%| O|  |TAMS 0x0000000087500000, 0x0000000087400000| Untracked 
| 117|0x0000000087500000, 0x0000000087600000, 0x0000000087600000|100%| O|  |TAMS 0x0000000087600000, 0x0000000087500000| Untracked 
| 118|0x0000000087600000, 0x0000000087700000, 0x0000000087700000|100%| O|  |TAMS 0x0000000087700000, 0x0000000087600000| Untracked 
| 119|0x0000000087700000, 0x0000000087800000, 0x0000000087800000|100%| O|  |TAMS 0x0000000087800000, 0x0000000087700000| Untracked 
| 120|0x0000000087800000, 0x0000000087900000, 0x0000000087900000|100%| O|  |TAMS 0x0000000087900000, 0x0000000087800000| Untracked 
| 121|0x0000000087900000, 0x0000000087a00000, 0x0000000087a00000|100%| O|  |TAMS 0x0000000087a00000, 0x0000000087900000| Untracked 
| 122|0x0000000087a00000, 0x0000000087b00000, 0x0000000087b00000|100%| O|  |TAMS 0x0000000087b00000, 0x0000000087a00000| Untracked 
| 123|0x0000000087b00000, 0x0000000087c00000, 0x0000000087c00000|100%| O|  |TAMS 0x0000000087c00000, 0x0000000087b00000| Untracked 
| 124|0x0000000087c00000, 0x0000000087d00000, 0x0000000087d00000|100%| O|  |TAMS 0x0000000087d00000, 0x0000000087c00000| Updating 
| 125|0x0000000087d00000, 0x0000000087e00000, 0x0000000087e00000|100%| O|  |TAMS 0x0000000087e00000, 0x0000000087d00000| Untracked 
| 126|0x0000000087e00000, 0x0000000087f00000, 0x0000000087f00000|100%| O|  |TAMS 0x0000000087f00000, 0x0000000087e00000| Untracked 
| 127|0x0000000087f00000, 0x0000000088000000, 0x0000000088000000|100%| O|  |TAMS 0x0000000088000000, 0x0000000087f00000| Updating 
| 128|0x0000000088000000, 0x0000000088100000, 0x0000000088100000|100%| O|  |TAMS 0x0000000088100000, 0x0000000088000000| Untracked 
| 129|0x0000000088100000, 0x0000000088200000, 0x0000000088200000|100%| O|  |TAMS 0x0000000088200000, 0x0000000088100000| Untracked 
| 130|0x0000000088200000, 0x0000000088300000, 0x0000000088300000|100%| O|  |TAMS 0x0000000088300000, 0x0000000088200000| Untracked 
| 131|0x0000000088300000, 0x0000000088400000, 0x0000000088400000|100%| O|  |TAMS 0x0000000088400000, 0x0000000088300000| Untracked 
| 132|0x0000000088400000, 0x0000000088500000, 0x0000000088500000|100%| O|  |TAMS 0x0000000088500000, 0x0000000088400000| Untracked 
| 133|0x0000000088500000, 0x0000000088600000, 0x0000000088600000|100%| O|  |TAMS 0x0000000088600000, 0x0000000088500000| Untracked 
| 134|0x0000000088600000, 0x0000000088700000, 0x0000000088700000|100%| O|  |TAMS 0x0000000088700000, 0x0000000088600000| Untracked 
| 135|0x0000000088700000, 0x0000000088800000, 0x0000000088800000|100%| O|  |TAMS 0x0000000088800000, 0x0000000088700000| Updating 
| 136|0x0000000088800000, 0x0000000088900000, 0x0000000088900000|100%| O|  |TAMS 0x0000000088900000, 0x0000000088800000| Untracked 
| 137|0x0000000088900000, 0x0000000088a00000, 0x0000000088a00000|100%| O|  |TAMS 0x0000000088a00000, 0x0000000088900000| Untracked 
| 138|0x0000000088a00000, 0x0000000088b00000, 0x0000000088b00000|100%| O|  |TAMS 0x0000000088b00000, 0x0000000088a00000| Updating 
| 139|0x0000000088b00000, 0x0000000088c00000, 0x0000000088c00000|100%| O|  |TAMS 0x0000000088c00000, 0x0000000088b00000| Updating 
| 140|0x0000000088c00000, 0x0000000088d00000, 0x0000000088d00000|100%| O|  |TAMS 0x0000000088d00000, 0x0000000088c00000| Updating 
| 141|0x0000000088d00000, 0x0000000088e00000, 0x0000000088e00000|100%| O|  |TAMS 0x0000000088e00000, 0x0000000088d00000| Updating 
| 142|0x0000000088e00000, 0x0000000088f00000, 0x0000000088f00000|100%| O|  |TAMS 0x0000000088f00000, 0x0000000088e00000| Updating 
| 143|0x0000000088f00000, 0x0000000089000000, 0x0000000089000000|100%|HS|  |TAMS 0x0000000089000000, 0x0000000088f00000| Complete 
| 144|0x0000000089000000, 0x0000000089100000, 0x0000000089100000|100%|HS|  |TAMS 0x0000000089100000, 0x0000000089000000| Complete 
| 145|0x0000000089100000, 0x0000000089200000, 0x0000000089200000|100%|HS|  |TAMS 0x0000000089200000, 0x0000000089100000| Complete 
| 146|0x0000000089200000, 0x0000000089300000, 0x0000000089300000|100%|HC|  |TAMS 0x0000000089300000, 0x0000000089200000| Complete 
| 147|0x0000000089300000, 0x0000000089400000, 0x0000000089400000|100%| O|  |TAMS 0x0000000089400000, 0x0000000089300000| Updating 
| 148|0x0000000089400000, 0x0000000089500000, 0x0000000089500000|100%| O|  |TAMS 0x0000000089500000, 0x0000000089400000| Updating 
| 149|0x0000000089500000, 0x0000000089600000, 0x0000000089600000|100%| O|  |TAMS 0x0000000089600000, 0x0000000089500000| Updating 
| 150|0x0000000089600000, 0x0000000089700000, 0x0000000089700000|100%| O|  |TAMS 0x0000000089700000, 0x0000000089600000| Updating 
| 151|0x0000000089700000, 0x0000000089800000, 0x0000000089800000|100%| O|  |TAMS 0x0000000089800000, 0x0000000089700000| Updating 
| 152|0x0000000089800000, 0x0000000089900000, 0x0000000089900000|100%| O|  |TAMS 0x0000000089900000, 0x0000000089800000| Untracked 
| 153|0x0000000089900000, 0x0000000089a00000, 0x0000000089a00000|100%| O|  |TAMS 0x0000000089a00000, 0x0000000089900000| Untracked 
| 154|0x0000000089a00000, 0x0000000089b00000, 0x0000000089b00000|100%| O|  |TAMS 0x0000000089b00000, 0x0000000089a00000| Untracked 
| 155|0x0000000089b00000, 0x0000000089c00000, 0x0000000089c00000|100%| O|  |TAMS 0x0000000089c00000, 0x0000000089b00000| Untracked 
| 156|0x0000000089c00000, 0x0000000089d00000, 0x0000000089d00000|100%| O|  |TAMS 0x0000000089d00000, 0x0000000089c00000| Untracked 
| 157|0x0000000089d00000, 0x0000000089e00000, 0x0000000089e00000|100%| O|  |TAMS 0x0000000089e00000, 0x0000000089d00000| Updating 
| 158|0x0000000089e00000, 0x0000000089f00000, 0x0000000089f00000|100%| O|  |TAMS 0x0000000089f00000, 0x0000000089e00000| Untracked 
| 159|0x0000000089f00000, 0x000000008a000000, 0x000000008a000000|100%| O|  |TAMS 0x000000008a000000, 0x0000000089f00000| Untracked 
| 160|0x000000008a000000, 0x000000008a100000, 0x000000008a100000|100%| O|  |TAMS 0x000000008a100000, 0x000000008a000000| Untracked 
| 161|0x000000008a100000, 0x000000008a200000, 0x000000008a200000|100%| O|  |TAMS 0x000000008a200000, 0x000000008a100000| Updating 
| 162|0x000000008a200000, 0x000000008a300000, 0x000000008a300000|100%| O|  |TAMS 0x000000008a300000, 0x000000008a200000| Updating 
| 163|0x000000008a300000, 0x000000008a400000, 0x000000008a400000|100%| O|  |TAMS 0x000000008a400000, 0x000000008a300000| Updating 
| 164|0x000000008a400000, 0x000000008a500000, 0x000000008a500000|100%| O|  |TAMS 0x000000008a500000, 0x000000008a400000| Untracked 
| 165|0x000000008a500000, 0x000000008a600000, 0x000000008a600000|100%| O|  |TAMS 0x000000008a600000, 0x000000008a500000| Untracked 
| 166|0x000000008a600000, 0x000000008a700000, 0x000000008a700000|100%| O|  |TAMS 0x000000008a700000, 0x000000008a600000| Untracked 
| 167|0x000000008a700000, 0x000000008a800000, 0x000000008a800000|100%| O|  |TAMS 0x000000008a800000, 0x000000008a700000| Untracked 
| 168|0x000000008a800000, 0x000000008a900000, 0x000000008a900000|100%| O|  |TAMS 0x000000008a900000, 0x000000008a800000| Untracked 
| 169|0x000000008a900000, 0x000000008aa00000, 0x000000008aa00000|100%| O|  |TAMS 0x000000008aa00000, 0x000000008a900000| Untracked 
| 170|0x000000008aa00000, 0x000000008ab00000, 0x000000008ab00000|100%| O|  |TAMS 0x000000008ab00000, 0x000000008aa00000| Untracked 
| 171|0x000000008ab00000, 0x000000008ac00000, 0x000000008ac00000|100%| O|  |TAMS 0x000000008ac00000, 0x000000008ab00000| Updating 
| 172|0x000000008ac00000, 0x000000008ad00000, 0x000000008ad00000|100%|HS|  |TAMS 0x000000008ad00000, 0x000000008ac00000| Complete 
| 173|0x000000008ad00000, 0x000000008ae00000, 0x000000008ae00000|100%|HS|  |TAMS 0x000000008ae00000, 0x000000008ad00000| Complete 
| 174|0x000000008ae00000, 0x000000008af00000, 0x000000008af00000|100%| O|  |TAMS 0x000000008af00000, 0x000000008ae00000| Untracked 
| 175|0x000000008af00000, 0x000000008b000000, 0x000000008b000000|100%| O|  |TAMS 0x000000008b000000, 0x000000008af00000| Untracked 
| 176|0x000000008b000000, 0x000000008b100000, 0x000000008b100000|100%| O|  |TAMS 0x000000008b100000, 0x000000008b000000| Untracked 
| 177|0x000000008b100000, 0x000000008b200000, 0x000000008b200000|100%| O|  |TAMS 0x000000008b200000, 0x000000008b100000| Untracked 
| 178|0x000000008b200000, 0x000000008b300000, 0x000000008b300000|100%| O|  |TAMS 0x000000008b300000, 0x000000008b200000| Untracked 
| 179|0x000000008b300000, 0x000000008b400000, 0x000000008b400000|100%| O|  |TAMS 0x000000008b400000, 0x000000008b300000| Untracked 
| 180|0x000000008b400000, 0x000000008b500000, 0x000000008b500000|100%| O|  |TAMS 0x000000008b500000, 0x000000008b400000| Updating 
| 181|0x000000008b500000, 0x000000008b600000, 0x000000008b600000|100%| O|  |TAMS 0x000000008b600000, 0x000000008b500000| Updating 
| 182|0x000000008b600000, 0x000000008b700000, 0x000000008b700000|100%| O|  |TAMS 0x000000008b700000, 0x000000008b600000| Untracked 
| 183|0x000000008b700000, 0x000000008b800000, 0x000000008b800000|100%| O|  |TAMS 0x000000008b800000, 0x000000008b700000| Untracked 
| 184|0x000000008b800000, 0x000000008b900000, 0x000000008b900000|100%| O|  |TAMS 0x000000008b900000, 0x000000008b800000| Untracked 
| 185|0x000000008b900000, 0x000000008ba00000, 0x000000008ba00000|100%| O|  |TAMS 0x000000008ba00000, 0x000000008b900000| Untracked 
| 186|0x000000008ba00000, 0x000000008bb00000, 0x000000008bb00000|100%| O|  |TAMS 0x000000008bb00000, 0x000000008ba00000| Untracked 
| 187|0x000000008bb00000, 0x000000008bc00000, 0x000000008bc00000|100%| O|  |TAMS 0x000000008bc00000, 0x000000008bb00000| Updating 
| 188|0x000000008bc00000, 0x000000008bd00000, 0x000000008bd00000|100%| O|  |TAMS 0x000000008bd00000, 0x000000008bc00000| Updating 
| 189|0x000000008bd00000, 0x000000008be00000, 0x000000008be00000|100%| O|  |TAMS 0x000000008be00000, 0x000000008bd00000| Updating 
| 190|0x000000008be00000, 0x000000008bf00000, 0x000000008bf00000|100%| O|  |TAMS 0x000000008bf00000, 0x000000008be00000| Updating 
| 191|0x000000008bf00000, 0x000000008c000000, 0x000000008c000000|100%|HS|  |TAMS 0x000000008c000000, 0x000000008bf00000| Complete 
| 192|0x000000008c000000, 0x000000008c100000, 0x000000008c100000|100%|HC|  |TAMS 0x000000008c100000, 0x000000008c000000| Complete 
| 193|0x000000008c100000, 0x000000008c200000, 0x000000008c200000|100%|HS|  |TAMS 0x000000008c200000, 0x000000008c100000| Complete 
| 194|0x000000008c200000, 0x000000008c300000, 0x000000008c300000|100%|HC|  |TAMS 0x000000008c300000, 0x000000008c200000| Complete 
| 195|0x000000008c300000, 0x000000008c400000, 0x000000008c400000|100%| O|  |TAMS 0x000000008c400000, 0x000000008c300000| Updating 
| 196|0x000000008c400000, 0x000000008c500000, 0x000000008c500000|100%| O|  |TAMS 0x000000008c500000, 0x000000008c400000| Untracked 
| 197|0x000000008c500000, 0x000000008c600000, 0x000000008c600000|100%| O|  |TAMS 0x000000008c600000, 0x000000008c500000| Untracked 
| 198|0x000000008c600000, 0x000000008c700000, 0x000000008c700000|100%| O|  |TAMS 0x000000008c700000, 0x000000008c600000| Untracked 
| 199|0x000000008c700000, 0x000000008c800000, 0x000000008c800000|100%| O|  |TAMS 0x000000008c800000, 0x000000008c700000| Untracked 
| 200|0x000000008c800000, 0x000000008c900000, 0x000000008c900000|100%| O|  |TAMS 0x000000008c900000, 0x000000008c800000| Untracked 
| 201|0x000000008c900000, 0x000000008ca00000, 0x000000008ca00000|100%| O|  |TAMS 0x000000008ca00000, 0x000000008c900000| Untracked 
| 202|0x000000008ca00000, 0x000000008cb00000, 0x000000008cb00000|100%| O|  |TAMS 0x000000008cb00000, 0x000000008ca00000| Updating 
| 203|0x000000008cb00000, 0x000000008cc00000, 0x000000008cc00000|100%| O|  |TAMS 0x000000008cc00000, 0x000000008cb00000| Updating 
| 204|0x000000008cc00000, 0x000000008cd00000, 0x000000008cd00000|100%| O|  |TAMS 0x000000008cd00000, 0x000000008cc00000| Updating 
| 205|0x000000008cd00000, 0x000000008ce00000, 0x000000008ce00000|100%| O|  |TAMS 0x000000008ce00000, 0x000000008cd00000| Updating 
| 206|0x000000008ce00000, 0x000000008cf00000, 0x000000008cf00000|100%| O|  |TAMS 0x000000008cf00000, 0x000000008ce00000| Untracked 
| 207|0x000000008cf00000, 0x000000008d000000, 0x000000008d000000|100%| O|  |TAMS 0x000000008d000000, 0x000000008cf00000| Updating 
| 208|0x000000008d000000, 0x000000008d100000, 0x000000008d100000|100%| O|  |TAMS 0x000000008d100000, 0x000000008d000000| Untracked 
| 209|0x000000008d100000, 0x000000008d200000, 0x000000008d200000|100%| O|  |TAMS 0x000000008d200000, 0x000000008d100000| Updating 
| 210|0x000000008d200000, 0x000000008d300000, 0x000000008d300000|100%| O|  |TAMS 0x000000008d300000, 0x000000008d200000| Untracked 
| 211|0x000000008d300000, 0x000000008d400000, 0x000000008d400000|100%| O|  |TAMS 0x000000008d400000, 0x000000008d300000| Untracked 
| 212|0x000000008d400000, 0x000000008d500000, 0x000000008d500000|100%| O|  |TAMS 0x000000008d500000, 0x000000008d400000| Untracked 
| 213|0x000000008d500000, 0x000000008d600000, 0x000000008d600000|100%| O|  |TAMS 0x000000008d600000, 0x000000008d500000| Updating 
| 214|0x000000008d600000, 0x000000008d700000, 0x000000008d700000|100%| O|  |TAMS 0x000000008d700000, 0x000000008d600000| Updating 
| 215|0x000000008d700000, 0x000000008d800000, 0x000000008d800000|100%| O|  |TAMS 0x000000008d800000, 0x000000008d700000| Untracked 
| 216|0x000000008d800000, 0x000000008d900000, 0x000000008d900000|100%| O|  |TAMS 0x000000008d900000, 0x000000008d800000| Untracked 
| 217|0x000000008d900000, 0x000000008da00000, 0x000000008da00000|100%| O|  |TAMS 0x000000008da00000, 0x000000008d900000| Untracked 
| 218|0x000000008da00000, 0x000000008db00000, 0x000000008db00000|100%| O|  |TAMS 0x000000008db00000, 0x000000008da00000| Untracked 
| 219|0x000000008db00000, 0x000000008dc00000, 0x000000008dc00000|100%| O|  |TAMS 0x000000008dc00000, 0x000000008db00000| Untracked 
| 220|0x000000008dc00000, 0x000000008dd00000, 0x000000008dd00000|100%| O|  |TAMS 0x000000008dd00000, 0x000000008dc00000| Updating 
| 221|0x000000008dd00000, 0x000000008de00000, 0x000000008de00000|100%| O|  |TAMS 0x000000008de00000, 0x000000008dd00000| Untracked 
| 222|0x000000008de00000, 0x000000008df00000, 0x000000008df00000|100%| O|  |TAMS 0x000000008df00000, 0x000000008de00000| Untracked 
| 223|0x000000008df00000, 0x000000008e000000, 0x000000008e000000|100%| O|  |TAMS 0x000000008e000000, 0x000000008df00000| Updating 
| 224|0x000000008e000000, 0x000000008e100000, 0x000000008e100000|100%| O|  |TAMS 0x000000008e100000, 0x000000008e000000| Untracked 
| 225|0x000000008e100000, 0x000000008e200000, 0x000000008e200000|100%| O|  |TAMS 0x000000008e200000, 0x000000008e100000| Untracked 
| 226|0x000000008e200000, 0x000000008e300000, 0x000000008e300000|100%| O|  |TAMS 0x000000008e300000, 0x000000008e200000| Updating 
| 227|0x000000008e300000, 0x000000008e400000, 0x000000008e400000|100%|HS|  |TAMS 0x000000008e400000, 0x000000008e300000| Complete 
| 228|0x000000008e400000, 0x000000008e500000, 0x000000008e500000|100%| O|  |TAMS 0x000000008e500000, 0x000000008e400000| Updating 
| 229|0x000000008e500000, 0x000000008e600000, 0x000000008e600000|100%| O|  |TAMS 0x000000008e600000, 0x000000008e500000| Updating 
| 230|0x000000008e600000, 0x000000008e700000, 0x000000008e700000|100%| O|  |TAMS 0x000000008e700000, 0x000000008e600000| Updating 
| 231|0x000000008e700000, 0x000000008e800000, 0x000000008e800000|100%| O|  |TAMS 0x000000008e800000, 0x000000008e700000| Updating 
| 232|0x000000008e800000, 0x000000008e900000, 0x000000008e900000|100%| O|  |TAMS 0x000000008e900000, 0x000000008e800000| Updating 
| 233|0x000000008e900000, 0x000000008ea00000, 0x000000008ea00000|100%|HS|  |TAMS 0x000000008ea00000, 0x000000008e900000| Complete 
| 234|0x000000008ea00000, 0x000000008eb00000, 0x000000008eb00000|100%|HS|  |TAMS 0x000000008eb00000, 0x000000008ea00000| Complete 
| 235|0x000000008eb00000, 0x000000008ec00000, 0x000000008ec00000|100%| O|  |TAMS 0x000000008ec00000, 0x000000008eb00000| Untracked 
| 236|0x000000008ec00000, 0x000000008ed00000, 0x000000008ed00000|100%| O|  |TAMS 0x000000008ed00000, 0x000000008ec00000| Updating 
| 237|0x000000008ed00000, 0x000000008ee00000, 0x000000008ee00000|100%| O|  |TAMS 0x000000008ee00000, 0x000000008ed00000| Untracked 
| 238|0x000000008ee00000, 0x000000008ef00000, 0x000000008ef00000|100%| O|  |TAMS 0x000000008ef00000, 0x000000008ee00000| Untracked 
| 239|0x000000008ef00000, 0x000000008f000000, 0x000000008f000000|100%| O|  |TAMS 0x000000008f000000, 0x000000008ef00000| Untracked 
| 240|0x000000008f000000, 0x000000008f100000, 0x000000008f100000|100%|HS|  |TAMS 0x000000008f100000, 0x000000008f000000| Complete 
| 241|0x000000008f100000, 0x000000008f200000, 0x000000008f200000|100%|HS|  |TAMS 0x000000008f200000, 0x000000008f100000| Complete 
| 242|0x000000008f200000, 0x000000008f300000, 0x000000008f300000|100%| O|  |TAMS 0x000000008f300000, 0x000000008f200000| Untracked 
| 243|0x000000008f300000, 0x000000008f400000, 0x000000008f400000|100%| O|  |TAMS 0x000000008f400000, 0x000000008f300000| Untracked 
| 244|0x000000008f400000, 0x000000008f500000, 0x000000008f500000|100%| O|  |TAMS 0x000000008f500000, 0x000000008f400000| Untracked 
| 245|0x000000008f500000, 0x000000008f600000, 0x000000008f600000|100%| O|  |TAMS 0x000000008f600000, 0x000000008f500000| Updating 
| 246|0x000000008f600000, 0x000000008f700000, 0x000000008f700000|100%| O|  |TAMS 0x000000008f700000, 0x000000008f600000| Untracked 
| 247|0x000000008f700000, 0x000000008f800000, 0x000000008f800000|100%| O|  |TAMS 0x000000008f800000, 0x000000008f700000| Untracked 
| 248|0x000000008f800000, 0x000000008f900000, 0x000000008f900000|100%| O|  |TAMS 0x000000008f900000, 0x000000008f800000| Untracked 
| 249|0x000000008f900000, 0x000000008fa00000, 0x000000008fa00000|100%| O|  |TAMS 0x000000008fa00000, 0x000000008f900000| Untracked 
| 250|0x000000008fa00000, 0x000000008fb00000, 0x000000008fb00000|100%| O|  |TAMS 0x000000008fb00000, 0x000000008fa00000| Untracked 
| 251|0x000000008fb00000, 0x000000008fc00000, 0x000000008fc00000|100%| O|  |TAMS 0x000000008fc00000, 0x000000008fb00000| Untracked 
| 252|0x000000008fc00000, 0x000000008fd00000, 0x000000008fd00000|100%| O|  |TAMS 0x000000008fd00000, 0x000000008fc00000| Untracked 
| 253|0x000000008fd00000, 0x000000008fe00000, 0x000000008fe00000|100%| O|  |TAMS 0x000000008fe00000, 0x000000008fd00000| Updating 
| 254|0x000000008fe00000, 0x000000008ff00000, 0x000000008ff00000|100%| O|  |TAMS 0x000000008ff00000, 0x000000008fe00000| Updating 
| 255|0x000000008ff00000, 0x0000000090000000, 0x0000000090000000|100%| O|  |TAMS 0x0000000090000000, 0x000000008ff00000| Updating 
| 256|0x0000000090000000, 0x0000000090100000, 0x0000000090100000|100%| O|  |TAMS 0x0000000090100000, 0x0000000090000000| Untracked 
| 257|0x0000000090100000, 0x0000000090200000, 0x0000000090200000|100%| O|  |TAMS 0x0000000090200000, 0x0000000090100000| Untracked 
| 258|0x0000000090200000, 0x0000000090300000, 0x0000000090300000|100%| O|  |TAMS 0x0000000090300000, 0x0000000090200000| Untracked 
| 259|0x0000000090300000, 0x0000000090400000, 0x0000000090400000|100%| O|  |TAMS 0x0000000090400000, 0x0000000090300000| Untracked 
| 260|0x0000000090400000, 0x0000000090500000, 0x0000000090500000|100%| O|  |TAMS 0x0000000090500000, 0x0000000090400000| Untracked 
| 261|0x0000000090500000, 0x0000000090600000, 0x0000000090600000|100%| O|  |TAMS 0x0000000090600000, 0x0000000090500000| Untracked 
| 262|0x0000000090600000, 0x0000000090700000, 0x0000000090700000|100%| O|  |TAMS 0x0000000090700000, 0x0000000090600000| Updating 
| 263|0x0000000090700000, 0x0000000090800000, 0x0000000090800000|100%| O|  |TAMS 0x0000000090800000, 0x0000000090700000| Updating 
| 264|0x0000000090800000, 0x0000000090900000, 0x0000000090900000|100%| O|  |TAMS 0x0000000090900000, 0x0000000090800000| Updating 
| 265|0x0000000090900000, 0x0000000090a00000, 0x0000000090a00000|100%| O|  |TAMS 0x0000000090a00000, 0x0000000090900000| Updating 
| 266|0x0000000090a00000, 0x0000000090b00000, 0x0000000090b00000|100%| O|  |TAMS 0x0000000090b00000, 0x0000000090a00000| Untracked 
| 267|0x0000000090b00000, 0x0000000090c00000, 0x0000000090c00000|100%| O|  |TAMS 0x0000000090c00000, 0x0000000090b00000| Untracked 
| 268|0x0000000090c00000, 0x0000000090d00000, 0x0000000090d00000|100%| O|  |TAMS 0x0000000090d00000, 0x0000000090c00000| Untracked 
| 269|0x0000000090d00000, 0x0000000090e00000, 0x0000000090e00000|100%| O|  |TAMS 0x0000000090e00000, 0x0000000090d00000| Untracked 
| 270|0x0000000090e00000, 0x0000000090f00000, 0x0000000090f00000|100%| O|  |TAMS 0x0000000090f00000, 0x0000000090e00000| Untracked 
| 271|0x0000000090f00000, 0x0000000091000000, 0x0000000091000000|100%| O|  |TAMS 0x0000000091000000, 0x0000000090f00000| Untracked 
| 272|0x0000000091000000, 0x0000000091100000, 0x0000000091100000|100%| O|  |TAMS 0x0000000091100000, 0x0000000091000000| Untracked 
| 273|0x0000000091100000, 0x0000000091200000, 0x0000000091200000|100%| O|  |TAMS 0x0000000091200000, 0x0000000091100000| Updating 
| 274|0x0000000091200000, 0x0000000091300000, 0x0000000091300000|100%|HS|  |TAMS 0x0000000091300000, 0x0000000091200000| Complete 
| 275|0x0000000091300000, 0x0000000091400000, 0x0000000091400000|100%|HS|  |TAMS 0x0000000091400000, 0x0000000091300000| Complete 
| 276|0x0000000091400000, 0x0000000091500000, 0x0000000091500000|100%|HS|  |TAMS 0x0000000091500000, 0x0000000091400000| Complete 
| 277|0x0000000091500000, 0x0000000091600000, 0x0000000091600000|100%| O|  |TAMS 0x0000000091600000, 0x0000000091500000| Untracked 
| 278|0x0000000091600000, 0x0000000091700000, 0x0000000091700000|100%| O|  |TAMS 0x0000000091700000, 0x0000000091600000| Updating 
| 279|0x0000000091700000, 0x0000000091800000, 0x0000000091800000|100%| O|  |TAMS 0x0000000091800000, 0x0000000091700000| Updating 
| 280|0x0000000091800000, 0x0000000091900000, 0x0000000091900000|100%| O|  |TAMS 0x0000000091900000, 0x0000000091800000| Updating 
| 281|0x0000000091900000, 0x0000000091a00000, 0x0000000091a00000|100%| O|  |TAMS 0x0000000091a00000, 0x0000000091900000| Untracked 
| 282|0x0000000091a00000, 0x0000000091b00000, 0x0000000091b00000|100%| O|  |TAMS 0x0000000091b00000, 0x0000000091a00000| Untracked 
| 283|0x0000000091b00000, 0x0000000091c00000, 0x0000000091c00000|100%| O|  |TAMS 0x0000000091c00000, 0x0000000091b00000| Untracked 
| 284|0x0000000091c00000, 0x0000000091d00000, 0x0000000091d00000|100%| O|  |TAMS 0x0000000091d00000, 0x0000000091c00000| Untracked 
| 285|0x0000000091d00000, 0x0000000091e00000, 0x0000000091e00000|100%| O|  |TAMS 0x0000000091e00000, 0x0000000091d00000| Untracked 
| 286|0x0000000091e00000, 0x0000000091f00000, 0x0000000091f00000|100%| O|  |TAMS 0x0000000091f00000, 0x0000000091e00000| Updating 
| 287|0x0000000091f00000, 0x0000000092000000, 0x0000000092000000|100%| O|  |TAMS 0x0000000092000000, 0x0000000091f00000| Untracked 
| 288|0x0000000092000000, 0x0000000092100000, 0x0000000092100000|100%| O|  |TAMS 0x0000000092100000, 0x0000000092000000| Untracked 
| 289|0x0000000092100000, 0x0000000092200000, 0x0000000092200000|100%| O|  |TAMS 0x0000000092200000, 0x0000000092100000| Updating 
| 290|0x0000000092200000, 0x0000000092300000, 0x0000000092300000|100%| O|  |TAMS 0x0000000092300000, 0x0000000092200000| Updating 
| 291|0x0000000092300000, 0x0000000092400000, 0x0000000092400000|100%| O|  |TAMS 0x0000000092400000, 0x0000000092300000| Updating 
| 292|0x0000000092400000, 0x0000000092500000, 0x0000000092500000|100%| O|  |TAMS 0x0000000092500000, 0x0000000092400000| Updating 
| 293|0x0000000092500000, 0x0000000092600000, 0x0000000092600000|100%| O|  |TAMS 0x0000000092600000, 0x0000000092500000| Updating 
| 294|0x0000000092600000, 0x0000000092700000, 0x0000000092700000|100%| O|  |TAMS 0x0000000092700000, 0x0000000092600000| Untracked 
| 295|0x0000000092700000, 0x0000000092800000, 0x0000000092800000|100%| O|  |TAMS 0x0000000092800000, 0x0000000092700000| Untracked 
| 296|0x0000000092800000, 0x0000000092900000, 0x0000000092900000|100%| O|  |TAMS 0x0000000092900000, 0x0000000092800000| Untracked 
| 297|0x0000000092900000, 0x0000000092a00000, 0x0000000092a00000|100%| O|  |TAMS 0x0000000092a00000, 0x0000000092900000| Untracked 
| 298|0x0000000092a00000, 0x0000000092b00000, 0x0000000092b00000|100%| O|  |TAMS 0x0000000092b00000, 0x0000000092a00000| Updating 
| 299|0x0000000092b00000, 0x0000000092c00000, 0x0000000092c00000|100%| O|  |TAMS 0x0000000092c00000, 0x0000000092b00000| Updating 
| 300|0x0000000092c00000, 0x0000000092d00000, 0x0000000092d00000|100%|HS|  |TAMS 0x0000000092d00000, 0x0000000092c00000| Complete 
| 301|0x0000000092d00000, 0x0000000092e00000, 0x0000000092e00000|100%|HS|  |TAMS 0x0000000092e00000, 0x0000000092d00000| Complete 
| 302|0x0000000092e00000, 0x0000000092f00000, 0x0000000092f00000|100%| O|  |TAMS 0x0000000092f00000, 0x0000000092e00000| Untracked 
| 303|0x0000000092f00000, 0x0000000093000000, 0x0000000093000000|100%| O|  |TAMS 0x0000000093000000, 0x0000000092f00000| Untracked 
| 304|0x0000000093000000, 0x0000000093100000, 0x0000000093100000|100%| O|  |TAMS 0x0000000093100000, 0x0000000093000000| Updating 
| 305|0x0000000093100000, 0x0000000093200000, 0x0000000093200000|100%| O|  |TAMS 0x0000000093200000, 0x0000000093100000| Untracked 
| 306|0x0000000093200000, 0x0000000093300000, 0x0000000093300000|100%| O|  |TAMS 0x0000000093300000, 0x0000000093200000| Untracked 
| 307|0x0000000093300000, 0x0000000093400000, 0x0000000093400000|100%| O|  |TAMS 0x0000000093400000, 0x0000000093300000| Untracked 
| 308|0x0000000093400000, 0x0000000093500000, 0x0000000093500000|100%| O|  |TAMS 0x0000000093500000, 0x0000000093400000| Untracked 
| 309|0x0000000093500000, 0x0000000093600000, 0x0000000093600000|100%| O|  |TAMS 0x0000000093600000, 0x0000000093500000| Updating 
| 310|0x0000000093600000, 0x0000000093700000, 0x0000000093700000|100%| O|  |TAMS 0x0000000093700000, 0x0000000093600000| Untracked 
| 311|0x0000000093700000, 0x0000000093800000, 0x0000000093800000|100%|HS|  |TAMS 0x0000000093800000, 0x0000000093700000| Complete 
| 312|0x0000000093800000, 0x0000000093900000, 0x0000000093900000|100%|HS|  |TAMS 0x0000000093900000, 0x0000000093800000| Complete 
| 313|0x0000000093900000, 0x0000000093a00000, 0x0000000093a00000|100%| O|  |TAMS 0x0000000093a00000, 0x0000000093900000| Untracked 
| 314|0x0000000093a00000, 0x0000000093b00000, 0x0000000093b00000|100%| O|  |TAMS 0x0000000093b00000, 0x0000000093a00000| Untracked 
| 315|0x0000000093b00000, 0x0000000093c00000, 0x0000000093c00000|100%| O|  |TAMS 0x0000000093c00000, 0x0000000093b00000| Untracked 
| 316|0x0000000093c00000, 0x0000000093d00000, 0x0000000093d00000|100%| O|  |TAMS 0x0000000093d00000, 0x0000000093c00000| Untracked 
| 317|0x0000000093d00000, 0x0000000093e00000, 0x0000000093e00000|100%| O|  |TAMS 0x0000000093e00000, 0x0000000093d00000| Updating 
| 318|0x0000000093e00000, 0x0000000093f00000, 0x0000000093f00000|100%| O|  |TAMS 0x0000000093f00000, 0x0000000093e00000| Untracked 
| 319|0x0000000093f00000, 0x0000000094000000, 0x0000000094000000|100%| O|  |TAMS 0x0000000094000000, 0x0000000093f00000| Untracked 
| 320|0x0000000094000000, 0x0000000094100000, 0x0000000094100000|100%| O|  |TAMS 0x0000000094100000, 0x0000000094000000| Untracked 
| 321|0x0000000094100000, 0x0000000094200000, 0x0000000094200000|100%|HS|  |TAMS 0x0000000094200000, 0x0000000094100000| Complete 
| 322|0x0000000094200000, 0x0000000094300000, 0x0000000094300000|100%|HS|  |TAMS 0x0000000094300000, 0x0000000094200000| Complete 
| 323|0x0000000094300000, 0x0000000094400000, 0x0000000094400000|100%| O|  |TAMS 0x0000000094400000, 0x0000000094300000| Untracked 
| 324|0x0000000094400000, 0x0000000094500000, 0x0000000094500000|100%| O|  |TAMS 0x0000000094500000, 0x0000000094400000| Untracked 
| 325|0x0000000094500000, 0x0000000094600000, 0x0000000094600000|100%| O|  |TAMS 0x0000000094600000, 0x0000000094500000| Untracked 
| 326|0x0000000094600000, 0x0000000094700000, 0x0000000094700000|100%| O|  |TAMS 0x0000000094700000, 0x0000000094600000| Untracked 
| 327|0x0000000094700000, 0x0000000094800000, 0x0000000094800000|100%| O|  |TAMS 0x0000000094800000, 0x0000000094700000| Updating 
| 328|0x0000000094800000, 0x0000000094900000, 0x0000000094900000|100%| O|  |TAMS 0x0000000094900000, 0x0000000094800000| Updating 
| 329|0x0000000094900000, 0x0000000094a00000, 0x0000000094a00000|100%| O|  |TAMS 0x0000000094a00000, 0x0000000094900000| Untracked 
| 330|0x0000000094a00000, 0x0000000094b00000, 0x0000000094b00000|100%| O|  |TAMS 0x0000000094b00000, 0x0000000094a00000| Updating 
| 331|0x0000000094b00000, 0x0000000094c00000, 0x0000000094c00000|100%| O|  |TAMS 0x0000000094c00000, 0x0000000094b00000| Untracked 
| 332|0x0000000094c00000, 0x0000000094d00000, 0x0000000094d00000|100%| O|  |TAMS 0x0000000094d00000, 0x0000000094c00000| Untracked 
| 333|0x0000000094d00000, 0x0000000094e00000, 0x0000000094e00000|100%| O|  |TAMS 0x0000000094e00000, 0x0000000094d00000| Untracked 
| 334|0x0000000094e00000, 0x0000000094f00000, 0x0000000094f00000|100%| O|  |TAMS 0x0000000094f00000, 0x0000000094e00000| Untracked 
| 335|0x0000000094f00000, 0x0000000095000000, 0x0000000095000000|100%| O|  |TAMS 0x0000000095000000, 0x0000000094f00000| Updating 
| 336|0x0000000095000000, 0x0000000095100000, 0x0000000095100000|100%| O|  |TAMS 0x0000000095100000, 0x0000000095000000| Untracked 
| 337|0x0000000095100000, 0x0000000095200000, 0x0000000095200000|100%| O|  |TAMS 0x0000000095200000, 0x0000000095100000| Untracked 
| 338|0x0000000095200000, 0x0000000095300000, 0x0000000095300000|100%| O|  |TAMS 0x0000000095300000, 0x0000000095200000| Untracked 
| 339|0x0000000095300000, 0x0000000095400000, 0x0000000095400000|100%| O|  |TAMS 0x0000000095400000, 0x0000000095300000| Untracked 
| 340|0x0000000095400000, 0x0000000095500000, 0x0000000095500000|100%| O|  |TAMS 0x0000000095500000, 0x0000000095400000| Untracked 
| 341|0x0000000095500000, 0x0000000095600000, 0x0000000095600000|100%| O|  |TAMS 0x0000000095600000, 0x0000000095500000| Updating 
| 342|0x0000000095600000, 0x0000000095700000, 0x0000000095700000|100%| O|  |TAMS 0x0000000095700000, 0x0000000095600000| Untracked 
| 343|0x0000000095700000, 0x0000000095800000, 0x0000000095800000|100%| O|  |TAMS 0x0000000095800000, 0x0000000095700000| Updating 
| 344|0x0000000095800000, 0x0000000095900000, 0x0000000095900000|100%|HS|  |TAMS 0x0000000095900000, 0x0000000095800000| Complete 
| 345|0x0000000095900000, 0x0000000095a00000, 0x0000000095a00000|100%|HS|  |TAMS 0x0000000095a00000, 0x0000000095900000| Complete 
| 346|0x0000000095a00000, 0x0000000095b00000, 0x0000000095b00000|100%| O|  |TAMS 0x0000000095b00000, 0x0000000095a00000| Untracked 
| 347|0x0000000095b00000, 0x0000000095c00000, 0x0000000095c00000|100%| O|  |TAMS 0x0000000095c00000, 0x0000000095b00000| Updating 
| 348|0x0000000095c00000, 0x0000000095d00000, 0x0000000095d00000|100%| O|  |TAMS 0x0000000095d00000, 0x0000000095c00000| Untracked 
| 349|0x0000000095d00000, 0x0000000095e00000, 0x0000000095e00000|100%| O|  |TAMS 0x0000000095e00000, 0x0000000095d00000| Untracked 
| 350|0x0000000095e00000, 0x0000000095f00000, 0x0000000095f00000|100%| O|  |TAMS 0x0000000095f00000, 0x0000000095e00000| Untracked 
| 351|0x0000000095f00000, 0x0000000096000000, 0x0000000096000000|100%| O|  |TAMS 0x0000000096000000, 0x0000000095f00000| Untracked 
| 352|0x0000000096000000, 0x0000000096100000, 0x0000000096100000|100%| O|  |TAMS 0x0000000096100000, 0x0000000096000000| Untracked 
| 353|0x0000000096100000, 0x0000000096200000, 0x0000000096200000|100%| O|  |TAMS 0x0000000096200000, 0x0000000096100000| Untracked 
| 354|0x0000000096200000, 0x0000000096300000, 0x0000000096300000|100%| O|  |TAMS 0x0000000096300000, 0x0000000096200000| Updating 
| 355|0x0000000096300000, 0x0000000096400000, 0x0000000096400000|100%| O|  |TAMS 0x0000000096400000, 0x0000000096300000| Updating 
| 356|0x0000000096400000, 0x0000000096500000, 0x0000000096500000|100%| O|  |TAMS 0x0000000096500000, 0x0000000096400000| Untracked 
| 357|0x0000000096500000, 0x0000000096600000, 0x0000000096600000|100%|HS|  |TAMS 0x0000000096600000, 0x0000000096500000| Complete 
| 358|0x0000000096600000, 0x0000000096700000, 0x0000000096700000|100%|HS|  |TAMS 0x0000000096700000, 0x0000000096600000| Complete 
| 359|0x0000000096700000, 0x0000000096800000, 0x0000000096800000|100%|HS|  |TAMS 0x0000000096800000, 0x0000000096700000| Complete 
| 360|0x0000000096800000, 0x0000000096900000, 0x0000000096900000|100%| O|  |TAMS 0x0000000096900000, 0x0000000096800000| Updating 
| 361|0x0000000096900000, 0x0000000096a00000, 0x0000000096a00000|100%| O|  |TAMS 0x0000000096a00000, 0x0000000096900000| Updating 
| 362|0x0000000096a00000, 0x0000000096b00000, 0x0000000096b00000|100%| O|  |TAMS 0x0000000096b00000, 0x0000000096a00000| Updating 
| 363|0x0000000096b00000, 0x0000000096c00000, 0x0000000096c00000|100%| O|  |TAMS 0x0000000096c00000, 0x0000000096b00000| Updating 
| 364|0x0000000096c00000, 0x0000000096d00000, 0x0000000096d00000|100%| O|  |TAMS 0x0000000096d00000, 0x0000000096c00000| Untracked 
| 365|0x0000000096d00000, 0x0000000096e00000, 0x0000000096e00000|100%|HS|  |TAMS 0x0000000096e00000, 0x0000000096d00000| Complete 
| 366|0x0000000096e00000, 0x0000000096f00000, 0x0000000096f00000|100%|HS|  |TAMS 0x0000000096f00000, 0x0000000096e00000| Complete 
| 367|0x0000000096f00000, 0x0000000097000000, 0x0000000097000000|100%| O|  |TAMS 0x0000000097000000, 0x0000000096f00000| Untracked 
| 368|0x0000000097000000, 0x0000000097100000, 0x0000000097100000|100%| O|  |TAMS 0x0000000097100000, 0x0000000097000000| Untracked 
| 369|0x0000000097100000, 0x0000000097200000, 0x0000000097200000|100%| O|  |TAMS 0x0000000097200000, 0x0000000097100000| Untracked 
| 370|0x0000000097200000, 0x0000000097300000, 0x0000000097300000|100%| O|  |TAMS 0x0000000097300000, 0x0000000097200000| Untracked 
| 371|0x0000000097300000, 0x0000000097400000, 0x0000000097400000|100%| O|  |TAMS 0x0000000097400000, 0x0000000097300000| Updating 
| 372|0x0000000097400000, 0x0000000097500000, 0x0000000097500000|100%| O|  |TAMS 0x0000000097500000, 0x0000000097400000| Untracked 
| 373|0x0000000097500000, 0x0000000097600000, 0x0000000097600000|100%| O|  |TAMS 0x0000000097600000, 0x0000000097500000| Untracked 
| 374|0x0000000097600000, 0x0000000097700000, 0x0000000097700000|100%| O|  |TAMS 0x0000000097700000, 0x0000000097600000| Untracked 
| 375|0x0000000097700000, 0x0000000097800000, 0x0000000097800000|100%| O|  |TAMS 0x0000000097800000, 0x0000000097700000| Untracked 
| 376|0x0000000097800000, 0x0000000097900000, 0x0000000097900000|100%| O|  |TAMS 0x0000000097900000, 0x0000000097800000| Untracked 
| 377|0x0000000097900000, 0x0000000097a00000, 0x0000000097a00000|100%| O|  |TAMS 0x0000000097a00000, 0x0000000097900000| Untracked 
| 378|0x0000000097a00000, 0x0000000097b00000, 0x0000000097b00000|100%| O|  |TAMS 0x0000000097b00000, 0x0000000097a00000| Untracked 
| 379|0x0000000097b00000, 0x0000000097c00000, 0x0000000097c00000|100%| O|  |TAMS 0x0000000097c00000, 0x0000000097b00000| Untracked 
| 380|0x0000000097c00000, 0x0000000097d00000, 0x0000000097d00000|100%| O|  |TAMS 0x0000000097d00000, 0x0000000097c00000| Untracked 
| 381|0x0000000097d00000, 0x0000000097e00000, 0x0000000097e00000|100%| O|  |TAMS 0x0000000097e00000, 0x0000000097d00000| Untracked 
| 382|0x0000000097e00000, 0x0000000097f00000, 0x0000000097f00000|100%| O|  |TAMS 0x0000000097f00000, 0x0000000097e00000| Untracked 
| 383|0x0000000097f00000, 0x0000000098000000, 0x0000000098000000|100%| O|  |TAMS 0x0000000098000000, 0x0000000097f00000| Untracked 
| 384|0x0000000098000000, 0x0000000098100000, 0x0000000098100000|100%| O|  |TAMS 0x0000000098100000, 0x0000000098000000| Untracked 
| 385|0x0000000098100000, 0x0000000098200000, 0x0000000098200000|100%| O|  |TAMS 0x0000000098200000, 0x0000000098100000| Untracked 
| 386|0x0000000098200000, 0x0000000098300000, 0x0000000098300000|100%| O|  |TAMS 0x0000000098300000, 0x0000000098200000| Untracked 
| 387|0x0000000098300000, 0x0000000098400000, 0x0000000098400000|100%| O|  |TAMS 0x0000000098400000, 0x0000000098300000| Untracked 
| 388|0x0000000098400000, 0x0000000098500000, 0x0000000098500000|100%| O|  |TAMS 0x0000000098500000, 0x0000000098400000| Untracked 
| 389|0x0000000098500000, 0x0000000098600000, 0x0000000098600000|100%| O|  |TAMS 0x0000000098600000, 0x0000000098500000| Updating 
| 390|0x0000000098600000, 0x0000000098700000, 0x0000000098700000|100%| O|  |TAMS 0x0000000098700000, 0x0000000098600000| Updating 
| 391|0x0000000098700000, 0x0000000098800000, 0x0000000098800000|100%| O|  |TAMS 0x0000000098800000, 0x0000000098700000| Untracked 
| 392|0x0000000098800000, 0x0000000098900000, 0x0000000098900000|100%| O|  |TAMS 0x0000000098900000, 0x0000000098800000| Untracked 
| 393|0x0000000098900000, 0x0000000098a00000, 0x0000000098a00000|100%| O|  |TAMS 0x0000000098a00000, 0x0000000098900000| Untracked 
| 394|0x0000000098a00000, 0x0000000098b00000, 0x0000000098b00000|100%| O|  |TAMS 0x0000000098b00000, 0x0000000098a00000| Updating 
| 395|0x0000000098b00000, 0x0000000098c00000, 0x0000000098c00000|100%| O|  |TAMS 0x0000000098c00000, 0x0000000098b00000| Updating 
| 396|0x0000000098c00000, 0x0000000098d00000, 0x0000000098d00000|100%| O|  |TAMS 0x0000000098d00000, 0x0000000098c00000| Untracked 
| 397|0x0000000098d00000, 0x0000000098e00000, 0x0000000098e00000|100%| O|  |TAMS 0x0000000098e00000, 0x0000000098d00000| Untracked 
| 398|0x0000000098e00000, 0x0000000098f00000, 0x0000000098f00000|100%| O|  |TAMS 0x0000000098f00000, 0x0000000098e00000| Untracked 
| 399|0x0000000098f00000, 0x0000000099000000, 0x0000000099000000|100%| O|  |TAMS 0x0000000099000000, 0x0000000098f00000| Untracked 
| 400|0x0000000099000000, 0x0000000099100000, 0x0000000099100000|100%| O|  |TAMS 0x0000000099100000, 0x0000000099000000| Untracked 
| 401|0x0000000099100000, 0x0000000099200000, 0x0000000099200000|100%| O|  |TAMS 0x0000000099200000, 0x0000000099100000| Untracked 
| 402|0x0000000099200000, 0x0000000099300000, 0x0000000099300000|100%| O|  |TAMS 0x0000000099300000, 0x0000000099200000| Untracked 
| 403|0x0000000099300000, 0x0000000099400000, 0x0000000099400000|100%| O|  |TAMS 0x0000000099400000, 0x0000000099300000| Untracked 
| 404|0x0000000099400000, 0x0000000099500000, 0x0000000099500000|100%| O|  |TAMS 0x0000000099500000, 0x0000000099400000| Untracked 
| 405|0x0000000099500000, 0x0000000099600000, 0x0000000099600000|100%| O|  |TAMS 0x0000000099600000, 0x0000000099500000| Untracked 
| 406|0x0000000099600000, 0x0000000099700000, 0x0000000099700000|100%| O|  |TAMS 0x0000000099700000, 0x0000000099600000| Untracked 
| 407|0x0000000099700000, 0x0000000099800000, 0x0000000099800000|100%| O|  |TAMS 0x0000000099800000, 0x0000000099700000| Untracked 
| 408|0x0000000099800000, 0x0000000099900000, 0x0000000099900000|100%| O|  |TAMS 0x0000000099900000, 0x0000000099800000| Untracked 
| 409|0x0000000099900000, 0x0000000099a00000, 0x0000000099a00000|100%| O|  |TAMS 0x0000000099a00000, 0x0000000099900000| Untracked 
| 410|0x0000000099a00000, 0x0000000099b00000, 0x0000000099b00000|100%| O|  |TAMS 0x0000000099b00000, 0x0000000099a00000| Untracked 
| 411|0x0000000099b00000, 0x0000000099c00000, 0x0000000099c00000|100%| O|  |TAMS 0x0000000099c00000, 0x0000000099b00000| Untracked 
| 412|0x0000000099c00000, 0x0000000099d00000, 0x0000000099d00000|100%| O|  |TAMS 0x0000000099d00000, 0x0000000099c00000| Untracked 
| 413|0x0000000099d00000, 0x0000000099e00000, 0x0000000099e00000|100%| O|  |TAMS 0x0000000099e00000, 0x0000000099d00000| Updating 
| 414|0x0000000099e00000, 0x0000000099f00000, 0x0000000099f00000|100%| O|  |TAMS 0x0000000099f00000, 0x0000000099e00000| Untracked 
| 415|0x0000000099f00000, 0x000000009a000000, 0x000000009a000000|100%| O|  |TAMS 0x000000009a000000, 0x0000000099f00000| Untracked 
| 416|0x000000009a000000, 0x000000009a100000, 0x000000009a100000|100%| O|  |TAMS 0x000000009a100000, 0x000000009a000000| Untracked 
| 417|0x000000009a100000, 0x000000009a200000, 0x000000009a200000|100%| O|  |TAMS 0x000000009a200000, 0x000000009a100000| Untracked 
| 418|0x000000009a200000, 0x000000009a300000, 0x000000009a300000|100%| O|  |TAMS 0x000000009a300000, 0x000000009a200000| Untracked 
| 419|0x000000009a300000, 0x000000009a400000, 0x000000009a400000|100%| O|  |TAMS 0x000000009a400000, 0x000000009a300000| Updating 
| 420|0x000000009a400000, 0x000000009a500000, 0x000000009a500000|100%| O|  |TAMS 0x000000009a500000, 0x000000009a400000| Updating 
| 421|0x000000009a500000, 0x000000009a600000, 0x000000009a600000|100%| O|  |TAMS 0x000000009a600000, 0x000000009a500000| Updating 
| 422|0x000000009a600000, 0x000000009a700000, 0x000000009a700000|100%| O|  |TAMS 0x000000009a700000, 0x000000009a600000| Updating 
| 423|0x000000009a700000, 0x000000009a800000, 0x000000009a800000|100%| O|  |TAMS 0x000000009a800000, 0x000000009a700000| Untracked 
| 424|0x000000009a800000, 0x000000009a900000, 0x000000009a900000|100%| O|  |TAMS 0x000000009a900000, 0x000000009a800000| Untracked 
| 425|0x000000009a900000, 0x000000009aa00000, 0x000000009aa00000|100%| O|  |TAMS 0x000000009aa00000, 0x000000009a900000| Untracked 
| 426|0x000000009aa00000, 0x000000009ab00000, 0x000000009ab00000|100%| O|  |TAMS 0x000000009ab00000, 0x000000009aa00000| Untracked 
| 427|0x000000009ab00000, 0x000000009ac00000, 0x000000009ac00000|100%| O|  |TAMS 0x000000009ac00000, 0x000000009ab00000| Updating 
| 428|0x000000009ac00000, 0x000000009ad00000, 0x000000009ad00000|100%| O|  |TAMS 0x000000009ad00000, 0x000000009ac00000| Untracked 
| 429|0x000000009ad00000, 0x000000009ae00000, 0x000000009ae00000|100%| O|  |TAMS 0x000000009ae00000, 0x000000009ad00000| Untracked 
| 430|0x000000009ae00000, 0x000000009af00000, 0x000000009af00000|100%| O|  |TAMS 0x000000009af00000, 0x000000009ae00000| Untracked 
| 431|0x000000009af00000, 0x000000009b000000, 0x000000009b000000|100%| O|  |TAMS 0x000000009b000000, 0x000000009af00000| Updating 
| 432|0x000000009b000000, 0x000000009b100000, 0x000000009b100000|100%| O|  |TAMS 0x000000009b100000, 0x000000009b000000| Updating 
| 433|0x000000009b100000, 0x000000009b200000, 0x000000009b200000|100%| O|  |TAMS 0x000000009b200000, 0x000000009b100000| Untracked 
| 434|0x000000009b200000, 0x000000009b300000, 0x000000009b300000|100%| O|  |TAMS 0x000000009b300000, 0x000000009b200000| Untracked 
| 435|0x000000009b300000, 0x000000009b400000, 0x000000009b400000|100%| O|  |TAMS 0x000000009b400000, 0x000000009b300000| Updating 
| 436|0x000000009b400000, 0x000000009b500000, 0x000000009b500000|100%| O|  |TAMS 0x000000009b500000, 0x000000009b400000| Untracked 
| 437|0x000000009b500000, 0x000000009b600000, 0x000000009b600000|100%| O|  |TAMS 0x000000009b600000, 0x000000009b500000| Untracked 
| 438|0x000000009b600000, 0x000000009b700000, 0x000000009b700000|100%| O|  |TAMS 0x000000009b700000, 0x000000009b600000| Updating 
| 439|0x000000009b700000, 0x000000009b800000, 0x000000009b800000|100%| O|  |TAMS 0x000000009b800000, 0x000000009b700000| Untracked 
| 440|0x000000009b800000, 0x000000009b900000, 0x000000009b900000|100%| O|  |TAMS 0x000000009b900000, 0x000000009b800000| Untracked 
| 441|0x000000009b900000, 0x000000009ba00000, 0x000000009ba00000|100%| O|  |TAMS 0x000000009ba00000, 0x000000009b900000| Untracked 
| 442|0x000000009ba00000, 0x000000009bb00000, 0x000000009bb00000|100%| O|  |TAMS 0x000000009bb00000, 0x000000009ba00000| Untracked 
| 443|0x000000009bb00000, 0x000000009bc00000, 0x000000009bc00000|100%| O|  |TAMS 0x000000009bc00000, 0x000000009bb00000| Untracked 
| 444|0x000000009bc00000, 0x000000009bd00000, 0x000000009bd00000|100%| O|  |TAMS 0x000000009bd00000, 0x000000009bc00000| Updating 
| 445|0x000000009bd00000, 0x000000009be00000, 0x000000009be00000|100%| O|  |TAMS 0x000000009be00000, 0x000000009bd00000| Untracked 
| 446|0x000000009be00000, 0x000000009bf00000, 0x000000009bf00000|100%| O|  |TAMS 0x000000009bf00000, 0x000000009be00000| Untracked 
| 447|0x000000009bf00000, 0x000000009c000000, 0x000000009c000000|100%| O|  |TAMS 0x000000009c000000, 0x000000009bf00000| Untracked 
| 448|0x000000009c000000, 0x000000009c100000, 0x000000009c100000|100%| O|  |TAMS 0x000000009c100000, 0x000000009c000000| Untracked 
| 449|0x000000009c100000, 0x000000009c200000, 0x000000009c200000|100%| O|  |TAMS 0x000000009c200000, 0x000000009c100000| Untracked 
| 450|0x000000009c200000, 0x000000009c300000, 0x000000009c300000|100%| O|  |TAMS 0x000000009c300000, 0x000000009c200000| Updating 
| 451|0x000000009c300000, 0x000000009c400000, 0x000000009c400000|100%| O|  |TAMS 0x000000009c400000, 0x000000009c300000| Updating 
| 452|0x000000009c400000, 0x000000009c500000, 0x000000009c500000|100%| O|  |TAMS 0x000000009c500000, 0x000000009c400000| Updating 
| 453|0x000000009c500000, 0x000000009c600000, 0x000000009c600000|100%| O|  |TAMS 0x000000009c541800, 0x000000009c500000| Untracked 
| 454|0x000000009c600000, 0x000000009c700000, 0x000000009c700000|100%| O|  |TAMS 0x000000009c600000, 0x000000009c600000| Untracked 
| 455|0x000000009c700000, 0x000000009c800000, 0x000000009c800000|100%| O|  |TAMS 0x000000009c700000, 0x000000009c700000| Untracked 
| 456|0x000000009c800000, 0x000000009c8ae400, 0x000000009c900000| 68%| O|  |TAMS 0x000000009c800000, 0x000000009c800000| Updating 
| 457|0x000000009c900000, 0x000000009c900000, 0x000000009ca00000|  0%| F|  |TAMS 0x000000009c900000, 0x000000009c900000| Untracked 
| 458|0x000000009ca00000, 0x000000009ca00000, 0x000000009cb00000|  0%| F|  |TAMS 0x000000009ca00000, 0x000000009ca00000| Untracked 
| 459|0x000000009cb00000, 0x000000009cb00000, 0x000000009cc00000|  0%| F|  |TAMS 0x000000009cb00000, 0x000000009cb00000| Untracked 
| 460|0x000000009cc00000, 0x000000009cc00000, 0x000000009cd00000|  0%| F|  |TAMS 0x000000009cc00000, 0x000000009cc00000| Untracked 
| 461|0x000000009cd00000, 0x000000009cd00000, 0x000000009ce00000|  0%| F|  |TAMS 0x000000009cd00000, 0x000000009cd00000| Untracked 
| 462|0x000000009ce00000, 0x000000009ce00000, 0x000000009cf00000|  0%| F|  |TAMS 0x000000009ce00000, 0x000000009ce00000| Untracked 
| 463|0x000000009cf00000, 0x000000009cf00000, 0x000000009d000000|  0%| F|  |TAMS 0x000000009cf00000, 0x000000009cf00000| Untracked 
| 464|0x000000009d000000, 0x000000009d000000, 0x000000009d100000|  0%| F|  |TAMS 0x000000009d000000, 0x000000009d000000| Untracked 
| 465|0x000000009d100000, 0x000000009d100000, 0x000000009d200000|  0%| F|  |TAMS 0x000000009d100000, 0x000000009d100000| Untracked 
| 466|0x000000009d200000, 0x000000009d200000, 0x000000009d300000|  0%| F|  |TAMS 0x000000009d200000, 0x000000009d200000| Untracked 
| 467|0x000000009d300000, 0x000000009d300000, 0x000000009d400000|  0%| F|  |TAMS 0x000000009d300000, 0x000000009d300000| Untracked 
| 468|0x000000009d400000, 0x000000009d400000, 0x000000009d500000|  0%| F|  |TAMS 0x000000009d400000, 0x000000009d400000| Untracked 
| 469|0x000000009d500000, 0x000000009d500000, 0x000000009d600000|  0%| F|  |TAMS 0x000000009d500000, 0x000000009d500000| Untracked 
| 470|0x000000009d600000, 0x000000009d600000, 0x000000009d700000|  0%| F|  |TAMS 0x000000009d600000, 0x000000009d600000| Untracked 
| 471|0x000000009d700000, 0x000000009d700000, 0x000000009d800000|  0%| F|  |TAMS 0x000000009d700000, 0x000000009d700000| Untracked 
| 472|0x000000009d800000, 0x000000009d800000, 0x000000009d900000|  0%| F|  |TAMS 0x000000009d800000, 0x000000009d800000| Untracked 
| 473|0x000000009d900000, 0x000000009d900000, 0x000000009da00000|  0%| F|  |TAMS 0x000000009d900000, 0x000000009d900000| Untracked 
| 474|0x000000009da00000, 0x000000009da00000, 0x000000009db00000|  0%| F|  |TAMS 0x000000009da00000, 0x000000009da00000| Untracked 
| 475|0x000000009db00000, 0x000000009db00000, 0x000000009dc00000|  0%| F|  |TAMS 0x000000009db00000, 0x000000009db00000| Untracked 
| 476|0x000000009dc00000, 0x000000009dc00000, 0x000000009dd00000|  0%| F|  |TAMS 0x000000009dc00000, 0x000000009dc00000| Untracked 
| 477|0x000000009dd00000, 0x000000009dd00000, 0x000000009de00000|  0%| F|  |TAMS 0x000000009dd00000, 0x000000009dd00000| Untracked 
| 478|0x000000009de00000, 0x000000009de00000, 0x000000009df00000|  0%| F|  |TAMS 0x000000009de00000, 0x000000009de00000| Untracked 
| 479|0x000000009df00000, 0x000000009df00000, 0x000000009e000000|  0%| F|  |TAMS 0x000000009df00000, 0x000000009df00000| Untracked 
| 480|0x000000009e000000, 0x000000009e000000, 0x000000009e100000|  0%| F|  |TAMS 0x000000009e000000, 0x000000009e000000| Untracked 
| 481|0x000000009e100000, 0x000000009e100000, 0x000000009e200000|  0%| F|  |TAMS 0x000000009e100000, 0x000000009e100000| Untracked 
| 482|0x000000009e200000, 0x000000009e200000, 0x000000009e300000|  0%| F|  |TAMS 0x000000009e200000, 0x000000009e200000| Untracked 
| 483|0x000000009e300000, 0x000000009e300000, 0x000000009e400000|  0%| F|  |TAMS 0x000000009e300000, 0x000000009e300000| Untracked 
| 484|0x000000009e400000, 0x000000009e400000, 0x000000009e500000|  0%| F|  |TAMS 0x000000009e400000, 0x000000009e400000| Untracked 
| 485|0x000000009e500000, 0x000000009e500000, 0x000000009e600000|  0%| F|  |TAMS 0x000000009e500000, 0x000000009e500000| Untracked 
| 486|0x000000009e600000, 0x000000009e600000, 0x000000009e700000|  0%| F|  |TAMS 0x000000009e600000, 0x000000009e600000| Untracked 
| 487|0x000000009e700000, 0x000000009e700000, 0x000000009e800000|  0%| F|  |TAMS 0x000000009e700000, 0x000000009e700000| Untracked 
| 488|0x000000009e800000, 0x000000009e800000, 0x000000009e900000|  0%| F|  |TAMS 0x000000009e800000, 0x000000009e800000| Untracked 
| 489|0x000000009e900000, 0x000000009e900000, 0x000000009ea00000|  0%| F|  |TAMS 0x000000009e900000, 0x000000009e900000| Untracked 
| 490|0x000000009ea00000, 0x000000009ea00000, 0x000000009eb00000|  0%| F|  |TAMS 0x000000009ea00000, 0x000000009ea00000| Untracked 
| 491|0x000000009eb00000, 0x000000009eb00000, 0x000000009ec00000|  0%| F|  |TAMS 0x000000009eb00000, 0x000000009eb00000| Untracked 
| 492|0x000000009ec00000, 0x000000009ec00000, 0x000000009ed00000|  0%| F|  |TAMS 0x000000009ec00000, 0x000000009ec00000| Untracked 
| 493|0x000000009ed00000, 0x000000009ed00000, 0x000000009ee00000|  0%| F|  |TAMS 0x000000009ed00000, 0x000000009ed00000| Untracked 
| 494|0x000000009ee00000, 0x000000009ee00000, 0x000000009ef00000|  0%| F|  |TAMS 0x000000009ee00000, 0x000000009ee00000| Untracked 
| 495|0x000000009ef00000, 0x000000009ef00000, 0x000000009f000000|  0%| F|  |TAMS 0x000000009ef00000, 0x000000009ef00000| Untracked 
| 496|0x000000009f000000, 0x000000009f000000, 0x000000009f100000|  0%| F|  |TAMS 0x000000009f000000, 0x000000009f000000| Untracked 
| 497|0x000000009f100000, 0x000000009f199780, 0x000000009f200000| 59%| S|CS|TAMS 0x000000009f100000, 0x000000009f100000| Complete 
| 498|0x000000009f200000, 0x000000009f300000, 0x000000009f300000|100%| S|CS|TAMS 0x000000009f200000, 0x000000009f200000| Complete 
| 499|0x000000009f300000, 0x000000009f300000, 0x000000009f400000|  0%| F|  |TAMS 0x000000009f300000, 0x000000009f300000| Untracked 
| 500|0x000000009f400000, 0x000000009f500000, 0x000000009f500000|100%| S|CS|TAMS 0x000000009f400000, 0x000000009f400000| Complete 
| 501|0x000000009f500000, 0x000000009f600000, 0x000000009f600000|100%| S|CS|TAMS 0x000000009f500000, 0x000000009f500000| Complete 
| 502|0x000000009f600000, 0x000000009f600000, 0x000000009f700000|  0%| F|  |TAMS 0x000000009f600000, 0x000000009f600000| Untracked 
| 503|0x000000009f700000, 0x000000009f700000, 0x000000009f800000|  0%| F|  |TAMS 0x000000009f700000, 0x000000009f700000| Untracked 
| 504|0x000000009f800000, 0x000000009f894760, 0x000000009f900000| 57%| E|  |TAMS 0x000000009f800000, 0x000000009f800000| Complete 
| 505|0x000000009f900000, 0x000000009fa00000, 0x000000009fa00000|100%| E|CS|TAMS 0x000000009f900000, 0x000000009f900000| Complete 
| 506|0x000000009fa00000, 0x000000009fb00000, 0x000000009fb00000|100%| E|CS|TAMS 0x000000009fa00000, 0x000000009fa00000| Complete 
| 507|0x000000009fb00000, 0x000000009fc00000, 0x000000009fc00000|100%| E|CS|TAMS 0x000000009fb00000, 0x000000009fb00000| Complete 
| 508|0x000000009fc00000, 0x000000009fd00000, 0x000000009fd00000|100%| E|CS|TAMS 0x000000009fc00000, 0x000000009fc00000| Complete 
| 509|0x000000009fd00000, 0x000000009fe00000, 0x000000009fe00000|100%| E|CS|TAMS 0x000000009fd00000, 0x000000009fd00000| Complete 
| 510|0x000000009fe00000, 0x000000009ff00000, 0x000000009ff00000|100%| E|CS|TAMS 0x000000009fe00000, 0x000000009fe00000| Complete 
| 511|0x000000009ff00000, 0x00000000a0000000, 0x00000000a0000000|100%| E|CS|TAMS 0x000000009ff00000, 0x000000009ff00000| Complete 
| 512|0x00000000a0000000, 0x00000000a0100000, 0x00000000a0100000|100%| E|CS|TAMS 0x00000000a0000000, 0x00000000a0000000| Complete 
| 513|0x00000000a0100000, 0x00000000a0200000, 0x00000000a0200000|100%| E|CS|TAMS 0x00000000a0100000, 0x00000000a0100000| Complete 
| 514|0x00000000a0200000, 0x00000000a0300000, 0x00000000a0300000|100%| E|CS|TAMS 0x00000000a0200000, 0x00000000a0200000| Complete 
| 515|0x00000000a0300000, 0x00000000a0400000, 0x00000000a0400000|100%| E|CS|TAMS 0x00000000a0300000, 0x00000000a0300000| Complete 
| 516|0x00000000a0400000, 0x00000000a0500000, 0x00000000a0500000|100%| E|CS|TAMS 0x00000000a0400000, 0x00000000a0400000| Complete 
| 517|0x00000000a0500000, 0x00000000a0600000, 0x00000000a0600000|100%| E|CS|TAMS 0x00000000a0500000, 0x00000000a0500000| Complete 
| 518|0x00000000a0600000, 0x00000000a0700000, 0x00000000a0700000|100%| E|CS|TAMS 0x00000000a0600000, 0x00000000a0600000| Complete 
| 519|0x00000000a0700000, 0x00000000a0800000, 0x00000000a0800000|100%| E|CS|TAMS 0x00000000a0700000, 0x00000000a0700000| Complete 
| 520|0x00000000a0800000, 0x00000000a0900000, 0x00000000a0900000|100%| E|CS|TAMS 0x00000000a0800000, 0x00000000a0800000| Complete 
| 521|0x00000000a0900000, 0x00000000a0a00000, 0x00000000a0a00000|100%| E|CS|TAMS 0x00000000a0900000, 0x00000000a0900000| Complete 
| 522|0x00000000a0a00000, 0x00000000a0b00000, 0x00000000a0b00000|100%| E|CS|TAMS 0x00000000a0a00000, 0x00000000a0a00000| Complete 
| 523|0x00000000a0b00000, 0x00000000a0c00000, 0x00000000a0c00000|100%| E|CS|TAMS 0x00000000a0b00000, 0x00000000a0b00000| Complete 

Card table byte_map: [0x000002979a7c0000,0x000002979abc0000] _byte_map_base: 0x000002979a3c0000

Marking Bits (Prev, Next): (CMBitMap*) 0x000002978124b1d0, (CMBitMap*) 0x000002978124b210
 Prev Bits: [0x000002979afc0000, 0x000002979cfc0000)
 Next Bits: [0x000002979cfc0000, 0x000002979efc0000)

Polling page: 0x0000029781360000

Metaspace:

Usage:
  Non-class:    112.56 MB used.
      Class:     17.97 MB used.
       Both:    130.52 MB used.

Virtual space:
  Non-class space:      128.00 MB reserved,     114.00 MB ( 89%) committed,  2 nodes.
      Class space:      416.00 MB reserved,      19.12 MB (  5%) committed,  1 nodes.
             Both:      544.00 MB reserved,     133.12 MB ( 24%) committed. 

Chunk freelists:
   Non-Class:  13.44 MB
       Class:  12.89 MB
        Both:  26.33 MB

MaxMetaspaceSize: 512.00 MB
CompressedClassSpaceSize: 416.00 MB
Initial GC threshold: 21.00 MB
Current GC threshold: 187.94 MB
CDS: on
MetaspaceReclaimPolicy: balanced
 - commit_granule_bytes: 65536.
 - commit_granule_words: 8192.
 - virtual_space_node_default_size: 8388608.
 - enlarge_chunks_in_place: 1.
 - new_chunks_are_fully_committed: 0.
 - uncommit_free_chunks: 1.
 - use_allocation_guard: 0.
 - handle_deallocations: 1.


Internal statistics:

num_allocs_failed_limit: 9.
num_arena_births: 3128.
num_arena_deaths: 0.
num_vsnodes_births: 3.
num_vsnodes_deaths: 0.
num_space_committed: 2130.
num_space_uncommitted: 0.
num_chunks_returned_to_freelist: 9.
num_chunks_taken_from_freelist: 9876.
num_chunk_merges: 9.
num_chunk_splits: 6032.
num_chunks_enlarged: 3360.
num_inconsistent_stats: 0.

CodeHeap 'non-profiled nmethods': size=120000Kb used=15736Kb max_used=15736Kb free=104263Kb
 bounds [0x0000029792b60000, 0x0000029793ac0000, 0x000002979a090000]
CodeHeap 'profiled nmethods': size=120000Kb used=36268Kb max_used=36268Kb free=83731Kb
 bounds [0x000002978b090000, 0x000002978d400000, 0x00000297925c0000]
CodeHeap 'non-nmethods': size=5760Kb used=2509Kb max_used=2603Kb free=3251Kb
 bounds [0x00000297925c0000, 0x0000029792850000, 0x0000029792b60000]
 total_blobs=20062 nmethods=19014 adapters=959
 compilation: enabled
              stopped_count=0, restarted_count=0
 full_count=0

Compilation events (20 events):
Event: 126.560 Thread 0x00000297a1a61710 23333       3       org.gradle.internal.snapshot.ChildMapFactory::childMap (43 bytes)
Event: 126.560 Thread 0x00000297a1a61710 nmethod 23333 0x000002978d3f4090 code [0x000002978d3f4320, 0x000002978d3f5148]
Event: 126.561 Thread 0x00000297a1a61710 23334       3       org.gradle.internal.snapshot.PathUtil$$Lambda$469/0x00000297a343d990::compare (12 bytes)
Event: 126.561 Thread 0x00000297a1a61710 nmethod 23334 0x000002978d3f5510 code [0x000002978d3f56e0, 0x000002978d3f5a88]
Event: 126.561 Thread 0x00000297a1a61710 23335       3       org.gradle.execution.plan.ValuedVfsHierarchy::<init> (8 bytes)
Event: 126.562 Thread 0x00000297a1a61710 nmethod 23335 0x000002978d3f5b90 code [0x000002978d3f5d40, 0x000002978d3f6018]
Event: 126.562 Thread 0x00000297a1a61710 23336       3       java.util.TreeMap::deleteEntry (246 bytes)
Event: 126.563 Thread 0x00000297a1a61710 nmethod 23336 0x000002978d3f6110 code [0x000002978d3f6340, 0x000002978d3f6c48]
Event: 126.564 Thread 0x00000297a1a61710 23337       3       org.gradle.internal.execution.history.impl.FileSystemSnapshotSerializer::toAbsolutePath (102 bytes)
Event: 126.565 Thread 0x00000297a1a61710 nmethod 23337 0x000002978d3f6e10 code [0x000002978d3f7160, 0x000002978d3f8558]
Event: 126.565 Thread 0x00000297a1a61710 23338       3       java.util.stream.ReferencePipeline::mapToInt (26 bytes)
Event: 126.565 Thread 0x00000297a1a61710 nmethod 23338 0x000002978d3f8b90 code [0x000002978d3f8d80, 0x000002978d3f92b8]
Event: 126.565 Thread 0x00000297a1a61710 23339       3       java.util.stream.ReferencePipeline$4::<init> (20 bytes)
Event: 126.566 Thread 0x00000297a1a61710 nmethod 23339 0x000002978d3f9510 code [0x000002978d3f96e0, 0x000002978d3f99c8]
Event: 126.566 Thread 0x00000297a1a61710 23340       3       java.util.stream.IntPipeline::sum (11 bytes)
Event: 126.566 Thread 0x00000297a1a61710 nmethod 23340 0x000002978d3f9b10 code [0x000002978d3f9d00, 0x000002978d3fa198]
Event: 126.566 Thread 0x00000297a1a61710 23341       3       java.util.stream.IntPipeline::reduce (16 bytes)
Event: 126.566 Thread 0x00000297a1a61710 nmethod 23341 0x000002978d3fa310 code [0x000002978d3fa4e0, 0x000002978d3fa778]
Event: 126.566 Thread 0x00000297a1a61710 23342       3       java.util.stream.ReduceOps::makeInt (18 bytes)
Event: 126.566 Thread 0x00000297a1a61710 nmethod 23342 0x000002978d3fa890 code [0x000002978d3faa60, 0x000002978d3faf08]

GC Heap History (20 events):
Event: 121.899 GC heap before
{Heap before GC invocations=112 (full 0):
 garbage-first heap   total 536576K, used 469450K [0x0000000080000000, 0x0000000100000000)
  region size 1024K, 26 young (26624K), 4 survivors (4096K)
 Metaspace       used 132350K, committed 134848K, reserved 557056K
  class space    used 18231K, committed 19328K, reserved 425984K
}
Event: 121.905 GC heap after
{Heap after GC invocations=113 (full 0):
 garbage-first heap   total 536576K, used 449571K [0x0000000080000000, 0x0000000100000000)
  region size 1024K, 3 young (3072K), 3 survivors (3072K)
 Metaspace       used 132350K, committed 134848K, reserved 557056K
  class space    used 18231K, committed 19328K, reserved 425984K
}
Event: 122.361 GC heap before
{Heap before GC invocations=113 (full 0):
 garbage-first heap   total 536576K, used 473123K [0x0000000080000000, 0x0000000100000000)
  region size 1024K, 26 young (26624K), 3 survivors (3072K)
 Metaspace       used 132442K, committed 134976K, reserved 557056K
  class space    used 18241K, committed 19392K, reserved 425984K
}
Event: 122.366 GC heap after
{Heap after GC invocations=114 (full 0):
 garbage-first heap   total 536576K, used 451626K [0x0000000080000000, 0x0000000100000000)
  region size 1024K, 3 young (3072K), 3 survivors (3072K)
 Metaspace       used 132442K, committed 134976K, reserved 557056K
  class space    used 18241K, committed 19392K, reserved 425984K
}
Event: 122.662 GC heap before
{Heap before GC invocations=114 (full 0):
 garbage-first heap   total 536576K, used 475178K [0x0000000080000000, 0x0000000100000000)
  region size 1024K, 26 young (26624K), 3 survivors (3072K)
 Metaspace       used 132519K, committed 135040K, reserved 557056K
  class space    used 18248K, committed 19392K, reserved 425984K
}
Event: 122.667 GC heap after
{Heap after GC invocations=115 (full 0):
 garbage-first heap   total 536576K, used 453327K [0x0000000080000000, 0x0000000100000000)
  region size 1024K, 4 young (4096K), 4 survivors (4096K)
 Metaspace       used 132519K, committed 135040K, reserved 557056K
  class space    used 18248K, committed 19392K, reserved 425984K
}
Event: 123.118 GC heap before
{Heap before GC invocations=115 (full 0):
 garbage-first heap   total 536576K, used 475855K [0x0000000080000000, 0x0000000100000000)
  region size 1024K, 26 young (26624K), 4 survivors (4096K)
 Metaspace       used 132559K, committed 135104K, reserved 557056K
  class space    used 18257K, committed 19392K, reserved 425984K
}
Event: 123.123 GC heap after
{Heap after GC invocations=116 (full 0):
 garbage-first heap   total 536576K, used 455402K [0x0000000080000000, 0x0000000100000000)
  region size 1024K, 4 young (4096K), 4 survivors (4096K)
 Metaspace       used 132559K, committed 135104K, reserved 557056K
  class space    used 18257K, committed 19392K, reserved 425984K
}
Event: 124.340 GC heap before
{Heap before GC invocations=116 (full 0):
 garbage-first heap   total 536576K, used 477930K [0x0000000080000000, 0x0000000100000000)
  region size 1024K, 26 young (26624K), 4 survivors (4096K)
 Metaspace       used 132603K, committed 135168K, reserved 557056K
  class space    used 18258K, committed 19392K, reserved 425984K
}
Event: 124.345 GC heap after
{Heap after GC invocations=117 (full 0):
 garbage-first heap   total 536576K, used 457198K [0x0000000080000000, 0x0000000100000000)
  region size 1024K, 4 young (4096K), 4 survivors (4096K)
 Metaspace       used 132603K, committed 135168K, reserved 557056K
  class space    used 18258K, committed 19392K, reserved 425984K
}
Event: 124.672 GC heap before
{Heap before GC invocations=117 (full 0):
 garbage-first heap   total 536576K, used 479726K [0x0000000080000000, 0x0000000100000000)
  region size 1024K, 26 young (26624K), 4 survivors (4096K)
 Metaspace       used 132633K, committed 135168K, reserved 557056K
  class space    used 18258K, committed 19392K, reserved 425984K
}
Event: 124.677 GC heap after
{Heap after GC invocations=118 (full 0):
 garbage-first heap   total 536576K, used 459189K [0x0000000080000000, 0x0000000100000000)
  region size 1024K, 4 young (4096K), 4 survivors (4096K)
 Metaspace       used 132633K, committed 135168K, reserved 557056K
  class space    used 18258K, committed 19392K, reserved 425984K
}
Event: 125.100 GC heap before
{Heap before GC invocations=118 (full 0):
 garbage-first heap   total 536576K, used 481717K [0x0000000080000000, 0x0000000100000000)
  region size 1024K, 26 young (26624K), 4 survivors (4096K)
 Metaspace       used 132703K, committed 135232K, reserved 557056K
  class space    used 18264K, committed 19392K, reserved 425984K
}
Event: 125.105 GC heap after
{Heap after GC invocations=119 (full 0):
 garbage-first heap   total 536576K, used 461640K [0x0000000080000000, 0x0000000100000000)
  region size 1024K, 4 young (4096K), 4 survivors (4096K)
 Metaspace       used 132703K, committed 135232K, reserved 557056K
  class space    used 18264K, committed 19392K, reserved 425984K
}
Event: 125.338 GC heap before
{Heap before GC invocations=119 (full 0):
 garbage-first heap   total 536576K, used 484168K [0x0000000080000000, 0x0000000100000000)
  region size 1024K, 26 young (26624K), 4 survivors (4096K)
 Metaspace       used 132728K, committed 135296K, reserved 557056K
  class space    used 18265K, committed 19456K, reserved 425984K
}
Event: 125.344 GC heap after
{Heap after GC invocations=120 (full 0):
 garbage-first heap   total 536576K, used 464214K [0x0000000080000000, 0x0000000100000000)
  region size 1024K, 3 young (3072K), 3 survivors (3072K)
 Metaspace       used 132728K, committed 135296K, reserved 557056K
  class space    used 18265K, committed 19456K, reserved 425984K
}
Event: 125.644 GC heap before
{Heap before GC invocations=120 (full 0):
 garbage-first heap   total 536576K, used 487766K [0x0000000080000000, 0x0000000100000000)
  region size 1024K, 26 young (26624K), 3 survivors (3072K)
 Metaspace       used 132986K, committed 135552K, reserved 557056K
  class space    used 18303K, committed 19456K, reserved 425984K
}
Event: 125.650 GC heap after
{Heap after GC invocations=121 (full 0):
 garbage-first heap   total 536576K, used 467658K [0x0000000080000000, 0x0000000100000000)
  region size 1024K, 4 young (4096K), 4 survivors (4096K)
 Metaspace       used 132986K, committed 135552K, reserved 557056K
  class space    used 18303K, committed 19456K, reserved 425984K
}
Event: 125.955 GC heap before
{Heap before GC invocations=121 (full 0):
 garbage-first heap   total 536576K, used 490186K [0x0000000080000000, 0x0000000100000000)
  region size 1024K, 26 young (26624K), 4 survivors (4096K)
 Metaspace       used 133246K, committed 135936K, reserved 557056K
  class space    used 18343K, committed 19520K, reserved 425984K
}
Event: 125.963 GC heap after
{Heap after GC invocations=122 (full 0):
 garbage-first heap   total 536576K, used 471326K [0x0000000080000000, 0x0000000100000000)
  region size 1024K, 4 young (4096K), 4 survivors (4096K)
 Metaspace       used 133246K, committed 135936K, reserved 557056K
  class space    used 18343K, committed 19520K, reserved 425984K
}

Dll operation events (16 events):
Event: 0.018 Loaded shared library C:\Program Files\Microsoft\jdk-17.0.18.8-hotspot\bin\java.dll
Event: 0.044 Loaded shared library C:\Program Files\Microsoft\jdk-17.0.18.8-hotspot\bin\jsvml.dll
Event: 0.138 Loaded shared library C:\Program Files\Microsoft\jdk-17.0.18.8-hotspot\bin\zip.dll
Event: 0.143 Loaded shared library C:\Program Files\Microsoft\jdk-17.0.18.8-hotspot\bin\instrument.dll
Event: 0.149 Loaded shared library C:\Program Files\Microsoft\jdk-17.0.18.8-hotspot\bin\net.dll
Event: 0.152 Loaded shared library C:\Program Files\Microsoft\jdk-17.0.18.8-hotspot\bin\nio.dll
Event: 0.158 Loaded shared library C:\Program Files\Microsoft\jdk-17.0.18.8-hotspot\bin\zip.dll
Event: 0.614 Loaded shared library C:\Program Files\Microsoft\jdk-17.0.18.8-hotspot\bin\jimage.dll
Event: 1.088 Loaded shared library C:\Program Files\Microsoft\jdk-17.0.18.8-hotspot\bin\verify.dll
Event: 1.212 Loaded shared library C:\Users\Sudharani-ITS130\.gradle\native\1def1411415f61bf3af743bc5b6707747c0891f09f0c88961ee8f79bc544acac\windows-amd64\native-platform.dll
Event: 1.237 Loaded shared library C:\Users\Sudharani-ITS130\.gradle\native\0.2.7\x86_64-windows-gnu\gradle-fileevents.dll
Event: 3.132 Loaded shared library C:\Program Files\Microsoft\jdk-17.0.18.8-hotspot\bin\management.dll
Event: 3.143 Loaded shared library C:\Program Files\Microsoft\jdk-17.0.18.8-hotspot\bin\management_ext.dll
Event: 4.051 Loaded shared library C:\Program Files\Microsoft\jdk-17.0.18.8-hotspot\bin\extnet.dll
Event: 4.425 Loaded shared library C:\Program Files\Microsoft\jdk-17.0.18.8-hotspot\bin\sunmscapi.dll
Event: 31.452 Loaded shared library C:\Program Files\Microsoft\jdk-17.0.18.8-hotspot\bin\rmi.dll

Deoptimization events (20 events):
Event: 126.505 Thread 0x00000297cb503d70 Uncommon trap: trap_request=0xffffffdc fr.pc=0x00000297939f6fe4 relative=0x0000000000000244
Event: 126.505 Thread 0x00000297cb503d70 Uncommon trap: reason=class_check action=make_not_entrant pc=0x00000297939f6fe4 method=java.util.ArrayDeque.toArray(Ljava/lang/Class;)[Ljava/lang/Object; @ 45 c2
Event: 126.505 Thread 0x00000297cb503d70 DEOPT PACKING pc=0x00000297939f6fe4 sp=0x000000bcee3faa80
Event: 126.505 Thread 0x00000297cb503d70 DEOPT UNPACKING pc=0x000002979261a1a3 sp=0x000000bcee3faa20 mode 2
Event: 126.517 Thread 0x00000297c6052400 Uncommon trap: trap_request=0xffffffde fr.pc=0x0000029792f30154 relative=0x00000000000024d4
Event: 126.517 Thread 0x00000297c6052400 Uncommon trap: reason=class_check action=maybe_recompile pc=0x0000029792f30154 method=org.gradle.internal.snapshot.AbstractListChildMap.withReplacedChild(ILjava/lang/String;Ljava/lang/Object;)Lorg/gradle/internal/snapshot/ChildMap; @ 33 c2
Event: 126.517 Thread 0x00000297c6052400 DEOPT PACKING pc=0x0000029792f30154 sp=0x000000bcee9fe7c0
Event: 126.517 Thread 0x00000297c6052400 DEOPT UNPACKING pc=0x000002979261a1a3 sp=0x000000bcee9fe4a8 mode 2
Event: 126.533 Thread 0x00000297c6052400 Uncommon trap: trap_request=0xffffffde fr.pc=0x000002979384bbb8 relative=0x0000000000000358
Event: 126.533 Thread 0x00000297c6052400 Uncommon trap: reason=class_check action=maybe_recompile pc=0x000002979384bbb8 method=org.gradle.util.internal.DeferredUtil.unpack(Lorg/gradle/api/internal/provider/ProviderResolutionStrategy;Ljava/lang/Object;)Ljava/lang/Object; @ 23 c2
Event: 126.533 Thread 0x00000297c6052400 DEOPT PACKING pc=0x000002979384bbb8 sp=0x000000bcee9fd6f0
Event: 126.533 Thread 0x00000297c6052400 DEOPT UNPACKING pc=0x000002979261a1a3 sp=0x000000bcee9fd670 mode 2
Event: 126.548 Thread 0x00000297c6052400 Uncommon trap: trap_request=0xffffffde fr.pc=0x000002979360bbcc relative=0x0000000000004b4c
Event: 126.552 Thread 0x00000297c6052400 Uncommon trap: reason=class_check action=maybe_recompile pc=0x000002979360bbcc method=org.gradle.internal.vfs.impl.DefaultFileSystemAccess.lambda$snapshotAndReuse$11(Ljava/lang/String;Lorg/gradle/internal/snapshot/SnapshottingFilter;Lcom/google/common/col
Event: 126.554 Thread 0x00000297c6052400 DEOPT PACKING pc=0x000002979360bbcc sp=0x000000bcee9fc8e0
Event: 126.554 Thread 0x00000297c6052400 DEOPT UNPACKING pc=0x000002979261a1a3 sp=0x000000bcee9fc740 mode 2
Event: 126.561 Thread 0x00000297c6052400 Uncommon trap: trap_request=0xffffffde fr.pc=0x0000029792f30154 relative=0x00000000000024d4
Event: 126.561 Thread 0x00000297c6052400 Uncommon trap: reason=class_check action=maybe_recompile pc=0x0000029792f30154 method=org.gradle.internal.snapshot.AbstractListChildMap.withReplacedChild(ILjava/lang/String;Ljava/lang/Object;)Lorg/gradle/internal/snapshot/ChildMap; @ 33 c2
Event: 126.561 Thread 0x00000297c6052400 DEOPT PACKING pc=0x0000029792f30154 sp=0x000000bcee9fe860
Event: 126.561 Thread 0x00000297c6052400 DEOPT UNPACKING pc=0x000002979261a1a3 sp=0x000000bcee9fe548 mode 2

Classes loaded (20 events):
Event: 116.794 Loading class org/w3c/dom/CharacterData
Event: 116.796 Loading class org/w3c/dom/CharacterData done
Event: 116.796 Loading class org/w3c/dom/Text
Event: 116.798 Loading class org/w3c/dom/Text done
Event: 116.798 Loading class com/sun/org/apache/xerces/internal/dom/CharacterDataImpl
Event: 116.804 Loading class com/sun/org/apache/xerces/internal/dom/CharacterDataImpl done
Event: 116.805 Loading class com/sun/org/apache/xerces/internal/dom/TextImpl done
Event: 116.805 Loading class com/sun/org/apache/xerces/internal/dom/DeferredTextImpl done
Event: 116.805 Loading class com/sun/org/apache/xerces/internal/dom/CharacterDataImpl$1
Event: 116.805 Loading class com/sun/org/apache/xerces/internal/dom/CharacterDataImpl$1 done
Event: 116.874 Loading class org/w3c/dom/Comment
Event: 116.874 Loading class org/w3c/dom/Comment done
Event: 125.869 Loading class java/util/HashSetBeanInfo
Event: 125.869 Loading class java/util/HashSetBeanInfo done
Event: 125.869 Loading class java/util/HashSetBeanInfo
Event: 125.869 Loading class java/util/HashSetBeanInfo done
Event: 125.869 Loading class java/util/HashSetCustomizer
Event: 125.869 Loading class java/util/HashSetCustomizer done
Event: 125.870 Loading class java/util/HashSetCustomizer
Event: 125.870 Loading class java/util/HashSetCustomizer done

Classes unloaded (0 events):
No events

Classes redefined (0 events):
No events

Internal exceptions (20 events):
Event: 125.807 Thread 0x00000297c19f9db0 Exception <a 'java/lang/ClassNotFoundException'{0x00000000a0159248}: com/android/build/gradle/tasks/ExternalNativeBuildJsonTaskCustomizer> (0x00000000a0159248) 
thrown [s\src\hotspot\share\classfile\systemDictionary.cpp, line 256]
Event: 125.808 Thread 0x00000297c19f9db0 Exception <a 'java/lang/ClassNotFoundException'{0x00000000a017ff90}: com/android/build/gradle/tasks/ExternalNativeBuildJsonTask_DecoratedCustomizer> (0x00000000a017ff90) 
thrown [s\src\hotspot\share\classfile\systemDictionary.cpp, line 256]
Event: 125.817 Thread 0x00000297c19f9db0 Exception <a 'java/lang/ClassNotFoundException'{0x00000000a0061460}: com/android/build/gradle/tasks/ExternalNativeBuildTask_DecoratedBeanInfo> (0x00000000a0061460) 
thrown [s\src\hotspot\share\classfile\systemDictionary.cpp, line 256]
Event: 125.818 Thread 0x00000297c19f9db0 Exception <a 'java/lang/ClassNotFoundException'{0x00000000a0070500}: com/android/build/gradle/tasks/ExternalNativeBuildTaskBeanInfo> (0x00000000a0070500) 
thrown [s\src\hotspot\share\classfile\systemDictionary.cpp, line 256]
Event: 125.818 Thread 0x00000297c19f9db0 Exception <a 'java/lang/ClassNotFoundException'{0x00000000a007f3d8}: com/android/build/gradle/tasks/ExternalNativeBuildTaskCustomizer> (0x00000000a007f3d8) 
thrown [s\src\hotspot\share\classfile\systemDictionary.cpp, line 256]
Event: 125.820 Thread 0x00000297c19f9db0 Exception <a 'java/lang/ClassNotFoundException'{0x00000000a00a11a0}: com/android/build/gradle/tasks/ExternalNativeBuildTask_DecoratedCustomizer> (0x00000000a00a11a0) 
thrown [s\src\hotspot\share\classfile\systemDictionary.cpp, line 256]
Event: 125.869 Thread 0x00000297c19f9db0 Exception <a 'java/lang/ClassNotFoundException'{0x000000009fd52438}: java/util/HashSetBeanInfo> (0x000000009fd52438) 
thrown [s\src\hotspot\share\classfile\systemDictionary.cpp, line 256]
Event: 125.870 Thread 0x00000297c19f9db0 Exception <a 'java/lang/ClassNotFoundException'{0x000000009fd588f8}: java/util/HashSetCustomizer> (0x000000009fd588f8) 
thrown [s\src\hotspot\share\classfile\systemDictionary.cpp, line 256]
Event: 125.880 Thread 0x00000297c19f9db0 Exception <a 'java/lang/ClassNotFoundException'{0x000000009fc85aa0}: build_dtgb5sme5reikxyucpsnsuymf$_run_closure11BeanInfo> (0x000000009fc85aa0) 
thrown [s\src\hotspot\share\classfile\systemDictionary.cpp, line 256]
Event: 125.881 Thread 0x00000297c19f9db0 Exception <a 'java/lang/ClassNotFoundException'{0x000000009fc8d910}: build_dtgb5sme5reikxyucpsnsuymf$_run_closure11Customizer> (0x000000009fc8d910) 
thrown [s\src\hotspot\share\classfile\systemDictionary.cpp, line 256]
Event: 125.892 Thread 0x00000297c19f9db0 Exception <a 'java/lang/ClassNotFoundException'{0x000000009fbf5b88}: com/android/build/gradle/internal/tasks/MergeNativeLibsTask_DecoratedBeanInfo> (0x000000009fbf5b88) 
thrown [s\src\hotspot\share\classfile\systemDictionary.cpp, line 256]
Event: 125.893 Thread 0x00000297c19f9db0 Exception <a 'java/lang/ClassNotFoundException'{0x000000009fa04ee8}: com/android/build/gradle/internal/tasks/MergeNativeLibsTaskBeanInfo> (0x000000009fa04ee8) 
thrown [s\src\hotspot\share\classfile\systemDictionary.cpp, line 256]
Event: 125.894 Thread 0x00000297c19f9db0 Exception <a 'java/lang/ClassNotFoundException'{0x000000009fa13f58}: com/android/build/gradle/internal/tasks/MergeNativeLibsTaskCustomizer> (0x000000009fa13f58) 
thrown [s\src\hotspot\share\classfile\systemDictionary.cpp, line 256]
Event: 125.896 Thread 0x00000297c19f9db0 Exception <a 'java/lang/ClassNotFoundException'{0x000000009fa45ad8}: com/android/build/gradle/internal/tasks/MergeNativeLibsTask_DecoratedCustomizer> (0x000000009fa45ad8) 
thrown [s\src\hotspot\share\classfile\systemDictionary.cpp, line 256]
Event: 126.208 Thread 0x00000297c19f9db0 Exception <a 'java/lang/ClassNotFoundException'{0x000000009fe87388}: org/gradle/api/tasks/Delete_DecoratedBeanInfo> (0x000000009fe87388) 
thrown [s\src\hotspot\share\classfile\systemDictionary.cpp, line 256]
Event: 126.209 Thread 0x00000297c19f9db0 Exception <a 'java/lang/ClassNotFoundException'{0x000000009fe92168}: org/gradle/api/tasks/DeleteBeanInfo> (0x000000009fe92168) 
thrown [s\src\hotspot\share\classfile\systemDictionary.cpp, line 256]
Event: 126.209 Thread 0x00000297c19f9db0 Exception <a 'java/lang/ClassNotFoundException'{0x000000009fe9cf10}: org/gradle/api/tasks/DeleteCustomizer> (0x000000009fe9cf10) 
thrown [s\src\hotspot\share\classfile\systemDictionary.cpp, line 256]
Event: 126.210 Thread 0x00000297c19f9db0 Exception <a 'java/lang/ClassNotFoundException'{0x000000009febc138}: org/gradle/api/tasks/Delete_DecoratedCustomizer> (0x000000009febc138) 
thrown [s\src\hotspot\share\classfile\systemDictionary.cpp, line 256]
Event: 126.219 Thread 0x00000297c19f9db0 Exception <a 'java/lang/ClassNotFoundException'{0x000000009fd267f0}: org/gradle/api/internal/model/DefaultObjectFactoryBeanInfo> (0x000000009fd267f0) 
thrown [s\src\hotspot\share\classfile\systemDictionary.cpp, line 256]
Event: 126.220 Thread 0x00000297c19f9db0 Exception <a 'java/lang/ClassNotFoundException'{0x000000009fd340c8}: org/gradle/api/internal/model/DefaultObjectFactoryCustomizer> (0x000000009fd340c8) 
thrown [s\src\hotspot\share\classfile\systemDictionary.cpp, line 256]

VM Operations (20 events):
Event: 124.123 Executing VM operation: Cleanup done
Event: 124.339 Executing VM operation: G1CollectForAllocation
Event: 124.345 Executing VM operation: G1CollectForAllocation done
Event: 124.672 Executing VM operation: G1CollectForAllocation
Event: 124.677 Executing VM operation: G1CollectForAllocation done
Event: 124.738 Executing VM operation: HandshakeAllThreads
Event: 124.738 Executing VM operation: HandshakeAllThreads done
Event: 125.100 Executing VM operation: G1CollectForAllocation
Event: 125.105 Executing VM operation: G1CollectForAllocation done
Event: 125.338 Executing VM operation: G1CollectForAllocation
Event: 125.344 Executing VM operation: G1CollectForAllocation done
Event: 125.644 Executing VM operation: G1CollectForAllocation
Event: 125.650 Executing VM operation: G1CollectForAllocation done
Event: 125.955 Executing VM operation: G1CollectForAllocation
Event: 125.963 Executing VM operation: G1CollectForAllocation done
Event: 126.006 Executing VM operation: HandshakeAllThreads
Event: 126.006 Executing VM operation: HandshakeAllThreads done
Event: 126.459 Executing VM operation: ICBufferFull
Event: 126.459 Executing VM operation: ICBufferFull done
Event: 126.584 Executing VM operation: G1PauseRemark

Memory protections (0 events):
No events

Nmethod flushes (20 events):
Event: 117.824 Thread 0x00000297a1a75790 flushing  nmethod 0x000002978d093390
Event: 117.825 Thread 0x00000297a1a75790 flushing  nmethod 0x000002978d122a90
Event: 117.825 Thread 0x00000297a1a75790 flushing  nmethod 0x000002978d122f90
Event: 117.825 Thread 0x00000297a1a75790 flushing  nmethod 0x000002978d123310
Event: 117.825 Thread 0x00000297a1a75790 flushing  nmethod 0x000002978d17ac90
Event: 117.825 Thread 0x00000297a1a75790 flushing  nmethod 0x000002978d17c010
Event: 117.825 Thread 0x00000297a1a75790 flushing  nmethod 0x000002978d18ac10
Event: 124.747 Thread 0x00000297a1a75790 flushing  nmethod 0x000002978b0e1990
Event: 124.753 Thread 0x00000297a1a75790 flushing  nmethod 0x000002978b5c1890
Event: 124.755 Thread 0x00000297a1a75790 flushing  nmethod 0x000002978b78c690
Event: 124.758 Thread 0x00000297a1a75790 flushing  nmethod 0x000002978bbe9010
Event: 124.759 Thread 0x00000297a1a75790 flushing  nmethod 0x000002978bc4a910
Event: 124.762 Thread 0x00000297a1a75790 flushing  nmethod 0x000002978bfbbe90
Event: 124.762 Thread 0x00000297a1a75790 flushing  nmethod 0x000002978bfbc390
Event: 124.762 Thread 0x00000297a1a75790 flushing  nmethod 0x000002978c010c90
Event: 124.764 Thread 0x00000297a1a75790 flushing  nmethod 0x000002978c26ee90
Event: 124.769 Thread 0x00000297a1a75790 flushing  nmethod 0x000002978c88bc90
Event: 124.771 Thread 0x00000297a1a75790 flushing  nmethod 0x000002978ca82210
Event: 124.774 Thread 0x00000297a1a75790 flushing  nmethod 0x000002978cf69590
Event: 124.776 Thread 0x00000297a1a75790 flushing  nmethod 0x000002978d1e1590

Events (20 events):
Event: 70.938 Thread 0x00000297c19f9db0 Thread added: 0x00000297c4771e40
Event: 72.523 Thread 0x00000297c19f9db0 Thread added: 0x00000297c4772d70
Event: 72.538 Thread 0x00000297c19f9db0 Thread added: 0x00000297c6647670
Event: 73.360 Thread 0x00000297c19f9db0 Thread added: 0x00000297cb502e40
Event: 88.754 Thread 0x00000297c2e19e40 Thread exited: 0x00000297c2e19e40
Event: 93.382 Thread 0x00000297c19f9db0 Thread added: 0x00000297c476eba0
Event: 93.392 Thread 0x00000297c476eba0 Thread added: 0x00000297c2e14830
Event: 93.392 Thread 0x00000297c476eba0 Thread added: 0x00000297c3571680
Event: 96.688 Thread 0x00000297a1a54d20 Thread added: 0x00000297c3fd1220
Event: 96.995 Thread 0x00000297c3fd1220 Thread added: 0x00000297c3fd0780
Event: 99.226 Thread 0x00000297c3fd0780 Thread exited: 0x00000297c3fd0780
Event: 99.379 Thread 0x00000297c3fd1220 Thread added: 0x00000297c3fd0780
Event: 101.917 Thread 0x00000297c3fd0780 Thread exited: 0x00000297c3fd0780
Event: 104.416 Thread 0x00000297c3fd1220 Thread exited: 0x00000297c3fd1220
Event: 114.962 Thread 0x00000297c2e18f10 Thread added: 0x00000297cb2a9e10
Event: 115.804 Thread 0x00000297c356ded0 Thread added: 0x00000297cb2ab250
Event: 121.820 Thread 0x00000297c6642a80 Thread exited: 0x00000297c6642a80
Event: 123.479 Thread 0x00000297c2e1ad70 Thread exited: 0x00000297c2e1ad70
Event: 126.259 Thread 0x00000297c19f9db0 Thread added: 0x00000297cb503d70
Event: 126.320 Thread 0x00000297c19f8970 Thread added: 0x00000297cb504790


Dynamic libraries:
0x00007ff7f20e0000 - 0x00007ff7f20ee000 	C:\Program Files\Microsoft\jdk-17.0.18.8-hotspot\bin\java.exe
0x00007ff83e1a0000 - 0x00007ff83e406000 	C:\WINDOWS\SYSTEM32\ntdll.dll
0x00007ff83dc30000 - 0x00007ff83dcf9000 	C:\WINDOWS\System32\KERNEL32.DLL
0x00007ff83b900000 - 0x00007ff83bcff000 	C:\WINDOWS\System32\KERNELBASE.dll
0x00007ff83b490000 - 0x00007ff83b5dc000 	C:\WINDOWS\System32\ucrtbase.dll
0x00007fffd4c00000 - 0x00007fffd4c1e000 	C:\Program Files\Microsoft\jdk-17.0.18.8-hotspot\bin\VCRUNTIME140.dll
0x00007ffff4020000 - 0x00007ffff4038000 	C:\Program Files\Microsoft\jdk-17.0.18.8-hotspot\bin\jli.dll
0x00007ff83ccb0000 - 0x00007ff83ce76000 	C:\WINDOWS\System32\USER32.dll
0x00007ff825900000 - 0x00007ff825b91000 	C:\WINDOWS\WinSxS\amd64_microsoft.windows.common-controls_6595b64144ccf1df_6.0.26100.8972_none_3e0da176e32f9d4b\COMCTL32.dll
0x00007ff83b3b0000 - 0x00007ff83b3d7000 	C:\WINDOWS\System32\win32u.dll
0x00007ff83d730000 - 0x00007ff83d7d9000 	C:\WINDOWS\System32\msvcrt.dll
0x00007ff83e130000 - 0x00007ff83e15b000 	C:\WINDOWS\System32\GDI32.dll
0x00007ff83bda0000 - 0x00007ff83bec9000 	C:\WINDOWS\System32\gdi32full.dll
0x00007ff83b3e0000 - 0x00007ff83b483000 	C:\WINDOWS\System32\msvcp_win.dll
0x00007ff83bfa0000 - 0x00007ff83bfd2000 	C:\WINDOWS\System32\IMM32.DLL
0x00007ff819730000 - 0x00007ff81973c000 	C:\Program Files\Microsoft\jdk-17.0.18.8-hotspot\bin\vcruntime140_1.dll
0x00007fffbd7d0000 - 0x00007fffbd859000 	C:\Program Files\Microsoft\jdk-17.0.18.8-hotspot\bin\msvcp140.dll
0x00007fffb5af0000 - 0x00007fffb676a000 	C:\Program Files\Microsoft\jdk-17.0.18.8-hotspot\bin\server\jvm.dll
0x00007ff83bed0000 - 0x00007ff83bf8c000 	C:\WINDOWS\System32\ADVAPI32.dll
0x00007ff83c000000 - 0x00007ff83c0aa000 	C:\WINDOWS\System32\sechost.dll
0x00007ff83d0b0000 - 0x00007ff83d1c8000 	C:\WINDOWS\System32\RPCRT4.dll
0x00007ff83c940000 - 0x00007ff83c9c2000 	C:\WINDOWS\System32\WS2_32.dll
0x00007ff83b230000 - 0x00007ff83b28e000 	C:\WINDOWS\SYSTEM32\POWRPROF.dll
0x00007ff82e500000 - 0x00007ff82e536000 	C:\WINDOWS\SYSTEM32\WINMM.dll
0x00007ff830ea0000 - 0x00007ff830eab000 	C:\WINDOWS\SYSTEM32\VERSION.dll
0x00007ff83b210000 - 0x00007ff83b225000 	C:\WINDOWS\SYSTEM32\UMPDC.dll
0x00007ff83a0a0000 - 0x00007ff83a0bb000 	C:\WINDOWS\SYSTEM32\kernel.appcore.dll
0x00007ff8169e0000 - 0x00007ff8169ea000 	C:\Program Files\Microsoft\jdk-17.0.18.8-hotspot\bin\jimage.dll
0x00007ff838b50000 - 0x00007ff838d92000 	C:\WINDOWS\SYSTEM32\DBGHELP.DLL
0x00007ff83d7e0000 - 0x00007ff83db65000 	C:\WINDOWS\System32\combase.dll
0x00007ff83cf70000 - 0x00007ff83d049000 	C:\WINDOWS\System32\OLEAUT32.dll
0x00007ff80f080000 - 0x00007ff80f0bb000 	C:\WINDOWS\SYSTEM32\dbgcore.DLL
0x00007ff83b840000 - 0x00007ff83b8ec000 	C:\WINDOWS\System32\bcryptPrimitives.dll
0x00007ffff5730000 - 0x00007ffff573f000 	C:\Program Files\Microsoft\jdk-17.0.18.8-hotspot\bin\instrument.dll
0x00007fffcf900000 - 0x00007fffcf926000 	C:\Program Files\Microsoft\jdk-17.0.18.8-hotspot\bin\java.dll
0x00007fffbc0e0000 - 0x00007fffbc1b6000 	C:\Program Files\Microsoft\jdk-17.0.18.8-hotspot\bin\jsvml.dll
0x00007ff83c1b0000 - 0x00007ff83c938000 	C:\WINDOWS\System32\SHELL32.dll
0x00007ff838e80000 - 0x00007ff83971b000 	C:\WINDOWS\SYSTEM32\windows.storage.dll
0x00007ff83c0b0000 - 0x00007ff83c1a9000 	C:\WINDOWS\System32\SHCORE.dll
0x00007ff83c9d0000 - 0x00007ff83ca36000 	C:\WINDOWS\System32\shlwapi.dll
0x00007ff83b2d0000 - 0x00007ff83b2f9000 	C:\WINDOWS\SYSTEM32\profapi.dll
0x00007fffcf8c0000 - 0x00007fffcf8d8000 	C:\Program Files\Microsoft\jdk-17.0.18.8-hotspot\bin\zip.dll
0x00007fffcfc00000 - 0x00007fffcfc1b000 	C:\Program Files\Microsoft\jdk-17.0.18.8-hotspot\bin\net.dll
0x00007ff831820000 - 0x00007ff831948000 	C:\WINDOWS\SYSTEM32\WINHTTP.dll
0x00007ff83a650000 - 0x00007ff83a6bc000 	C:\WINDOWS\system32\mswsock.dll
0x00007fffcf8e0000 - 0x00007fffcf8f6000 	C:\Program Files\Microsoft\jdk-17.0.18.8-hotspot\bin\nio.dll
0x00007ff813d70000 - 0x00007ff813d80000 	C:\Program Files\Microsoft\jdk-17.0.18.8-hotspot\bin\verify.dll
0x00007ffff5740000 - 0x00007ffff5767000 	C:\Users\Sudharani-ITS130\.gradle\native\1def1411415f61bf3af743bc5b6707747c0891f09f0c88961ee8f79bc544acac\windows-amd64\native-platform.dll
0x00007fffbc060000 - 0x00007fffbc0d8000 	C:\Users\Sudharani-ITS130\.gradle\native\0.2.7\x86_64-windows-gnu\gradle-fileevents.dll
0x00007ff813bd0000 - 0x00007ff813bda000 	C:\Program Files\Microsoft\jdk-17.0.18.8-hotspot\bin\management.dll
0x00007ff8137a0000 - 0x00007ff8137ac000 	C:\Program Files\Microsoft\jdk-17.0.18.8-hotspot\bin\management_ext.dll
0x00007ff83d1d0000 - 0x00007ff83d1d8000 	C:\WINDOWS\System32\PSAPI.DLL
0x00007ff839a10000 - 0x00007ff839a43000 	C:\WINDOWS\SYSTEM32\IPHLPAPI.DLL
0x00007ff83dd00000 - 0x00007ff83dd0a000 	C:\WINDOWS\System32\NSI.dll
0x00007ff831a40000 - 0x00007ff831a5d000 	C:\WINDOWS\SYSTEM32\dhcpcsvc6.DLL
0x00007ff8319d0000 - 0x00007ff8319f5000 	C:\WINDOWS\SYSTEM32\dhcpcsvc.DLL
0x00007ff839a50000 - 0x00007ff839ba8000 	C:\WINDOWS\SYSTEM32\DNSAPI.dll
0x00007ff83a450000 - 0x00007ff83a45d000 	C:\WINDOWS\SYSTEM32\DSPARSE.dll
0x00007ff80a0f0000 - 0x00007ff80a0f9000 	C:\Program Files\Microsoft\jdk-17.0.18.8-hotspot\bin\extnet.dll
0x00007ff83a940000 - 0x00007ff83a95b000 	C:\WINDOWS\SYSTEM32\CRYPTSP.dll
0x00007ff83a000000 - 0x00007ff83a039000 	C:\WINDOWS\system32\rsaenh.dll
0x00007ff83a700000 - 0x00007ff83a732000 	C:\WINDOWS\SYSTEM32\USERENV.dll
0x00007ff83b2a0000 - 0x00007ff83b2ca000 	C:\WINDOWS\SYSTEM32\bcrypt.dll
0x00007ff83a960000 - 0x00007ff83a96c000 	C:\WINDOWS\SYSTEM32\CRYPTBASE.dll
0x00007ffff5720000 - 0x00007ffff572e000 	C:\Program Files\Microsoft\jdk-17.0.18.8-hotspot\bin\sunmscapi.dll
0x00007ff83b5f0000 - 0x00007ff83b76e000 	C:\WINDOWS\System32\CRYPT32.dll
0x00007ff83ab80000 - 0x00007ff83abb0000 	C:\WINDOWS\SYSTEM32\ncrypt.dll
0x00007ff83ab30000 - 0x00007ff83ab6f000 	C:\WINDOWS\SYSTEM32\NTASN1.dll
0x00007ffffcfa0000 - 0x00007ffffcfa8000 	C:\WINDOWS\system32\wshunix.dll
0x00007ff8353c0000 - 0x00007ff8353c7000 	C:\Program Files\Microsoft\jdk-17.0.18.8-hotspot\bin\rmi.dll

dbghelp: loaded successfully - version: 4.0.5 - missing functions: none
symbol engine: initialized successfully - sym options: 0x614 - pdb path: .;C:\Program Files\Microsoft\jdk-17.0.18.8-hotspot\bin;C:\WINDOWS\SYSTEM32;C:\WINDOWS\WinSxS\amd64_microsoft.windows.common-controls_6595b64144ccf1df_6.0.26100.8972_none_3e0da176e32f9d4b;C:\Program Files\Microsoft\jdk-17.0.18.8-hotspot\bin\server;C:\Users\Sudharani-ITS130\.gradle\native\1def1411415f61bf3af743bc5b6707747c0891f09f0c88961ee8f79bc544acac\windows-amd64;C:\Users\Sudharani-ITS130\.gradle\native\0.2.7\x86_64-windows-gnu

VM Arguments:
jvm_args: --add-opens=java.base/java.lang=ALL-UNNAMED --add-opens=java.base/java.lang.invoke=ALL-UNNAMED --add-opens=java.base/java.util=ALL-UNNAMED --add-opens=java.prefs/java.util.prefs=ALL-UNNAMED --add-exports=jdk.compiler/com.sun.tools.javac.api=ALL-UNNAMED --add-exports=jdk.compiler/com.sun.tools.javac.util=ALL-UNNAMED --add-opens=java.base/java.util=ALL-UNNAMED --add-opens=java.prefs/java.util.prefs=ALL-UNNAMED --add-opens=java.base/java.nio.charset=ALL-UNNAMED --add-opens=java.base/java.net=ALL-UNNAMED --add-opens=java.base/java.util.concurrent.atomic=ALL-UNNAMED --add-opens=java.xml/javax.xml.namespace=ALL-UNNAMED -XX:MaxMetaspaceSize=512m -Xmx2048m -Dfile.encoding=windows-1252 -Duser.country=US -Duser.language=en -Duser.variant -javaagent:C:\Users\Sudharani-ITS130\.gradle\wrapper\dists\gradle-8.13-bin\5xuhj0ry160q40clulazy9h7d\gradle-8.13\lib\agents\gradle-instrumentation-agent-8.13.jar 
java_command: org.gradle.launcher.daemon.bootstrap.GradleDaemon 8.13
java_class_path (initial): C:\Users\Sudharani-ITS130\.gradle\wrapper\dists\gradle-8.13-bin\5xuhj0ry160q40clulazy9h7d\gradle-8.13\lib\gradle-daemon-main-8.13.jar
Launcher Type: SUN_STANDARD

[Global flags]
     intx CICompilerCount                          = 4                                         {product} {ergonomic}
   size_t CompressedClassSpaceSize                 = 436207616                                 {product} {ergonomic}
     uint ConcGCThreads                            = 2                                         {product} {ergonomic}
     uint G1ConcRefinementThreads                  = 8                                         {product} {ergonomic}
   size_t G1HeapRegionSize                         = 1048576                                   {product} {ergonomic}
    uintx GCDrainStackTargetSize                   = 64                                        {product} {ergonomic}
   size_t InitialHeapSize                          = 260046848                                 {product} {ergonomic}
   size_t MarkStackSize                            = 4194304                                   {product} {ergonomic}
   size_t MaxHeapSize                              = 2147483648                                {product} {command line}
   size_t MaxMetaspaceSize                         = 536870912                                 {product} {command line}
   size_t MaxNewSize                               = 1287651328                                {product} {ergonomic}
   size_t MinHeapDeltaBytes                        = 1048576                                   {product} {ergonomic}
   size_t MinHeapSize                              = 8388608                                   {product} {ergonomic}
    uintx NonNMethodCodeHeapSize                   = 5839372                                {pd product} {ergonomic}
    uintx NonProfiledCodeHeapSize                  = 122909434                              {pd product} {ergonomic}
    uintx ProfiledCodeHeapSize                     = 122909434                              {pd product} {ergonomic}
    uintx ReservedCodeCacheSize                    = 251658240                              {pd product} {ergonomic}
     bool SegmentedCodeCache                       = true                                      {product} {ergonomic}
   size_t SoftMaxHeapSize                          = 2147483648                             {manageable} {ergonomic}
     bool UseCompressedClassPointers               = true                           {product lp64_product} {ergonomic}
     bool UseCompressedOops                        = true                           {product lp64_product} {ergonomic}
     bool UseG1GC                                  = true                                      {product} {ergonomic}
     bool UseLargePagesIndividualAllocation        = false                                  {pd product} {ergonomic}

Logging:
Log output configuration:
 #0: stdout all=warning uptime,level,tags
 #1: stderr all=off uptime,level,tags

Environment Variables:
JAVA_HOME=C:\Program Files\Microsoft\jdk-17.0.18.8-hotspot\
PATH=D:\DelPart\delivery_partner_frontend\node_modules\.bin;D:\DelPart\delivery_partner_frontend\node_modules\.bin;D:\DelPart\node_modules\.bin;D:\node_modules\.bin;C:\Program Files\nodejs\node_modules\npm\node_modules\@npmcli\run-script\lib\node-gyp-bin;%PATH%;C:\Users\Sudharani-ITS130\AppData\Local\Android\Sdk\platform-tools;C:\Users\Sudharani-ITS130\AppData\Local\Android\Sdk\emulator;C:\Users\Sudharani-ITS130\AppData\Local\Android\Sdk\platform-tools;C:\Users\Sudharani-ITS130\AppData\Local\Android\Sdk\emulator;;C:\WINDOWS\system32;C:\WINDOWS;C:\WINDOWS\System32\Wbem;C:\WINDOWS\System32\WindowsPowerShell\v1.0\;C:\WINDOWS\System32\OpenSSH\;C:\Program Files\Microsoft\jdk-17.0.18.8-hotspot\bin;C:\Python314\Scripts\;C:\Python314\;C:\Windows\system32;C:\Windows;C:\Windows\System32\Wbem;C:\Windows\System32\WindowsPowerShell\v1.0\;C:\Windows\System32\OpenSSH\;C:\Program Files\nodejs\;C:\ProgramData\chocolatey\bin;C:\Program Files\Git\cmd;C:\Users\Sudharani-ITS130\AppData\Local\Microsoft\WindowsApps;C:\Users\Sudharani-ITS130\AppData\Roaming\npm;C:\Users\Sudharani-ITS130\AppData\Local\Programs\Microsoft VS Code\bin;C:\Users\Sudharani-ITS130\AppData\Local\Microsoft\WindowsApps
USERNAME=Sudharani-ITS130
LANG=en_US.UTF-8
OS=Windows_NT
PROCESSOR_IDENTIFIER=Intel64 Family 6 Model 140 Stepping 1, GenuineIntel
TMP=C:\Users\SUDHAR~1\AppData\Local\Temp
TEMP=C:\Users\SUDHAR~1\AppData\Local\Temp



Periodic native trim disabled


---------------  S Y S T E M  ---------------

OS:
 Windows 11 , 64 bit Build 26100 (10.0.26100.9168)
OS uptime: 0 days 0:32 hours

CPU: total 8 (initial active 8) (4 cores per cpu, 2 threads per core) family 6 model 140 stepping 1 microcode 0xbe, cx8, cmov, fxsr, ht, mmx, 3dnowpref, sse, sse2, sse3, ssse3, sse4.1, sse4.2, popcnt, lzcnt, tsc, tscinvbit, avx, avx2, aes, erms, clmul, bmi1, bmi2, adx, avx512f, avx512dq, avx512cd, avx512bw, avx512vl, sha, fma, vzeroupper, avx512_vpopcntdq, avx512_vpclmulqdq, avx512_vaes, avx512_vnni, clflush, clflushopt, clwb, avx512_vbmi2, avx512_vbmi
Processor Information for processor 0
  Max Mhz: 1382, Current Mhz: 1382, Mhz Limit: 1382
Processor Information for processor 1
  Max Mhz: 1382, Current Mhz: 1382, Mhz Limit: 1382
Processor Information for processor 2
  Max Mhz: 1382, Current Mhz: 1382, Mhz Limit: 1382
Processor Information for processor 3
  Max Mhz: 1382, Current Mhz: 1382, Mhz Limit: 1382
Processor Information for processor 4
  Max Mhz: 1382, Current Mhz: 1184, Mhz Limit: 1382
Processor Information for processor 5
  Max Mhz: 1382, Current Mhz: 1382, Mhz Limit: 1382
Processor Information for processor 6
  Max Mhz: 1382, Current Mhz: 1382, Mhz Limit: 1382
Processor Information for processor 7
  Max Mhz: 1382, Current Mhz: 1382, Mhz Limit: 1382

Memory: 4k page, system-wide physical 15781M (364M free)
TotalPageFile size 32165M (AvailPageFile size 100M)
current process WorkingSet (physical memory assigned to process): 888M, peak: 911M
current process commit charge ("private bytes"): 1006M, peak: 1284M

vm_info: OpenJDK 64-Bit Server VM (17.0.18+8-LTS) for windows-amd64 JRE (17.0.18+8-LTS), built on Jan 15 2026 18:50:45 by "MicrosoftCorporation" with MS VC++ 17.14 (VS2022)

END.
